Year,Site,Site.Type,Point,Point.Type,Round,Species,Total,line_from_data
1998,LF,Reserve,2,Forest,4,BEWR,1,178
1998,LF,Reserve,2,Forest,4,BEWR,1,179
1998,LF,Reserve,4,Forest,4,PSFL,1,233
1998,LF,Reserve,4,Forest,4,PSFL,1,234
1998,LF,Reserve,4,Forest,4,SPTO,1,237
1998,LF,Reserve,4,Forest,4,SPTO,1,238
1999,LF,Reserve,1,Forest,4,CBCH,1,586
1999,LF,Reserve,1,Forest,4,CBCH,1,587
1999,LF,Reserve,1,Forest,4,PAWR,1,589
1999,LF,Reserve,1,Forest,4,PAWR,1,590
2000,BE,Correlational,5,Matrix,1,BHCO,3,1330
2000,BE,Correlational,5,Matrix,1,BHCO,3,1331
2000,CN,Prepost_CD,4,Forest,1,SOSP,1,1435
2000,CN,Prepost_CD,4,Forest,1,SOSP,1,1436
2000,CN,Prepost_CD,7,Matrix,2,VGSW,1,1474
2000,CN,Prepost_CD,7,Matrix,2,VGSW,1,1475
2000,CN,Prepost_CD,7,Matrix,2,WCSP,2,1476
2000,CN,Prepost_CD,7,Matrix,2,WCSP,1,1477
2000,RR,Prepost_PCD,5,Forest,1,AMRO,1,2045
2000,RR,Prepost_PCD,5,Forest,1,AMRO,1,2046
2000,SR,Prepost_PCD,2,Forest,1,PSFL,1,2103
2000,SR,Prepost_PCD,2,Forest,1,PSFL,1,2104
2000,SO,Correlational,7,Matrix,3,VGSW,1,2312
2000,SO,Correlational,7,Matrix,3,VGSW,1,2313
2000,UP,Prepost_CD,5,Forest,1,AMRO,2,2495
2000,UP,Prepost_CD,5,Forest,1,AMRO,3,2496
2001,IH,Prepost_PCD,2,Matrix,1,PISI,6,3723
2001,IH,Prepost_PCD,2,Matrix,1,PISI,3,3724
2001,SO,Correlational,3,Matrix,1,EUST,2,4492
2001,SO,Correlational,3,Matrix,1,EUST,2,4493
2001,SO,Correlational,3,Matrix,1,HOFI,2,4494
2001,SO,Correlational,3,Matrix,1,HOFI,1,4495
2001,SO,Correlational,4,Matrix,1,AMRO,1,4521
2001,SO,Correlational,4,Matrix,1,AMRO,1,4522
2001,SO,Correlational,4,Matrix,1,PISI,2,4526
2001,SO,Correlational,4,Matrix,1,PISI,2,4527
2001,SO,Correlational,5,Matrix,1,HOFI,2,4554
2001,SO,Correlational,5,Matrix,1,HOFI,1,4555
2001,SO,Correlational,6,Matrix,1,NOFL,1,4582
2001,SO,Correlational,6,Matrix,1,NOFL,1,4583
2002,CM,Reserve,7,Forest,2,PAWR,2,5334
2002,CM,Reserve,7,Forest,2,PAWR,1,5335
2002,CM,Reserve,7,Forest,2,PSFL,1,5336
2002,CM,Reserve,7,Forest,2,PSFL,1,5337
2002,CM,Reserve,7,Forest,2,SOSP,2,5339
2002,CM,Reserve,7,Forest,2,SOSP,1,5340
2002,CM,Reserve,7,Forest,2,SWTH,1,5342
2002,CM,Reserve,7,Forest,2,SWTH,1,5343
2002,CM,Reserve,8,Forest,2,AMRO,2,5360
2002,CM,Reserve,8,Forest,2,AMRO,1,5361
2002,CM,Reserve,8,Forest,2,PAWR,1,5367
2002,CM,Reserve,8,Forest,2,PAWR,0,5368
2002,CM,Reserve,8,Forest,2,SPTO,1,5371
2002,CM,Reserve,8,Forest,2,SPTO,0,5372
2002,CM,Reserve,8,Forest,2,SWTH,2,5373
2002,CM,Reserve,8,Forest,2,SWTH,1,5374
2002,CM,Reserve,8,Forest,2,WIWA,2,5376
2002,CM,Reserve,8,Forest,2,WIWA,1,5377
2002,CN,Prepost_CD,2,Matrix,3,DEJU,2,5447
2002,CN,Prepost_CD,2,Matrix,3,DEJU,1,5448
2002,CN,Prepost_CD,2,Matrix,3,SOSP,4,5451
2002,CN,Prepost_CD,2,Matrix,3,SOSP,1,5452
2002,IH,Prepost_PCD,6,Forest,3,AMRO,2,5942
2002,IH,Prepost_PCD,6,Forest,3,AMRO,1,5943
2002,IH,Prepost_PCD,6,Forest,3,SOSP,2,5951
2002,IH,Prepost_PCD,6,Forest,3,SOSP,1,5952
2002,IH,Prepost_PCD,6,Forest,3,SPTO,2,5953
2002,IH,Prepost_PCD,6,Forest,3,SPTO,0,5954
2002,IH,Prepost_PCD,6,Forest,3,SWTH,3,5955
2002,IH,Prepost_PCD,6,Forest,3,SWTH,1,5956
2002,LF,Reserve,1,Forest,3,AMRO,2,6050
2002,LF,Reserve,1,Forest,3,AMRO,2,6051
2002,LF,Reserve,1,Forest,3,BCCH,2,6052
2002,LF,Reserve,1,Forest,3,BCCH,2,6053
2002,LF,Reserve,1,Forest,3,BHGR,1,6054
2002,LF,Reserve,1,Forest,3,BHGR,1,6055
2002,LF,Reserve,1,Forest,3,BRCR,1,6056
2002,LF,Reserve,1,Forest,3,BRCR,1,6057
2002,LF,Reserve,1,Forest,3,PAWR,1,6058
2002,LF,Reserve,1,Forest,3,PAWR,1,6059
2002,LF,Reserve,1,Forest,3,PSFL,1,6060
2002,LF,Reserve,1,Forest,3,PSFL,1,6061
2002,LF,Reserve,1,Forest,3,SOSP,1,6062
2002,LF,Reserve,1,Forest,3,SOSP,1,6063
2002,LF,Reserve,1,Forest,3,SPTO,1,6064
2002,LF,Reserve,1,Forest,3,SPTO,1,6065
2002,LF,Reserve,1,Forest,3,STJA,1,6066
2002,LF,Reserve,1,Forest,3,STJA,1,6067
2002,LF,Reserve,1,Forest,3,SWTH,0,6068
2002,LF,Reserve,1,Forest,3,SWTH,0,6069
2002,LF,Reserve,2,Forest,3,BHGR,1,6097
2002,LF,Reserve,2,Forest,3,BHGR,1,6098
2002,LF,Reserve,2,Forest,3,BRCR,2,6099
2002,LF,Reserve,2,Forest,3,BRCR,2,6100
2002,LF,Reserve,2,Forest,3,BTYW,1,6101
2002,LF,Reserve,2,Forest,3,BTYW,1,6102
2002,LF,Reserve,2,Forest,3,CBCH,1,6103
2002,LF,Reserve,2,Forest,3,CBCH,1,6104
2002,LF,Reserve,2,Forest,3,GCKI,1,6105
2002,LF,Reserve,2,Forest,3,GCKI,1,6106
2002,LF,Reserve,2,Forest,3,PAWR,2,6107
2002,LF,Reserve,2,Forest,3,PAWR,2,6108
2002,LF,Reserve,2,Forest,3,PSFL,1,6109
2002,LF,Reserve,2,Forest,3,PSFL,1,6110
2002,LF,Reserve,2,Forest,3,SPTO,1,6111
2002,LF,Reserve,2,Forest,3,SPTO,1,6112
2002,LF,Reserve,2,Forest,3,SWTH,3,6113
2002,LF,Reserve,2,Forest,3,SWTH,3,6114
2002,LF,Reserve,2,Forest,3,WIWA,1,6115
2002,LF,Reserve,2,Forest,3,WIWA,1,6116
2002,SR,Prepost_PCD,4,Forest,2,PAWR,3,7112
2002,SR,Prepost_PCD,4,Forest,2,PAWR,2,7113
2002,SR,Prepost_PCD,4,Forest,2,PSFL,1,7114
2002,SR,Prepost_PCD,4,Forest,2,PSFL,1,7115
2002,SR,Prepost_PCD,4,Forest,2,SWTH,2,7118
2002,SR,Prepost_PCD,4,Forest,2,SWTH,1,7119
2002,TE,Prepost_CD,1,Matrix,3,AMRO,1,7323
2002,TE,Prepost_CD,1,Matrix,3,AMRO,1,7324
2002,TE,Prepost_CD,1,Matrix,3,SOSP,1,7334
2002,TE,Prepost_CD,1,Matrix,3,SOSP,1,7335
2002,TE,Prepost_CD,1,Matrix,3,SPTO,3,7336
2002,TE,Prepost_CD,1,Matrix,3,SPTO,2,7337
2002,TE,Prepost_CD,2,Forest,3,PAWR,1,7375
2002,TE,Prepost_CD,2,Forest,3,PAWR,0,7376
2002,TE,Prepost_CD,2,Forest,3,PSFL,2,7377
2002,TE,Prepost_CD,2,Forest,3,PSFL,0,7378
2002,TE,Prepost_CD,2,Forest,3,SOSP,1,7380
2002,TE,Prepost_CD,2,Forest,3,SOSP,0,7381
2002,TE,Prepost_CD,2,Forest,3,SPTO,1,7382
2002,TE,Prepost_CD,2,Forest,3,SPTO,0,7383
2002,TE,Prepost_CD,2,Forest,3,SWTH,0,7384
2002,TE,Prepost_CD,2,Forest,3,SWTH,0,7385
2002,TE,Prepost_CD,3,Forest,3,PSFL,2,7416
2002,TE,Prepost_CD,3,Forest,3,PSFL,0,7417
2002,TE,Prepost_CD,3,Forest,3,SOSP,0,7418
2002,TE,Prepost_CD,3,Forest,3,SOSP,0,7419
2002,TE,Prepost_CD,3,Forest,3,SPTO,1,7420
2002,TE,Prepost_CD,3,Forest,3,SPTO,0,7421
2002,TE,Prepost_CD,3,Forest,3,SWTH,3,7422
2002,TE,Prepost_CD,3,Forest,3,SWTH,2,7423
2003,BE,Correlational,1,Forest,1,SOSP,1,7883
2003,BE,Correlational,1,Forest,1,SOSP,1,7884
2003,BE,Correlational,1,Forest,1,SOSP,0,7885
2003,BE,Correlational,1,Forest,1,SPTO,1,7886
2003,BE,Correlational,1,Forest,1,SPTO,1,7887
2003,BE,Correlational,1,Forest,2,SOSP,1,7895
2003,BE,Correlational,1,Forest,2,SOSP,1,7896
2003,BE,Correlational,1,Forest,2,SOSP,1,7897
2003,BE,Correlational,1,Forest,3,BCCH,1,7902
2003,BE,Correlational,1,Forest,3,BCCH,0,7903
2003,BE,Correlational,1,Forest,3,BHGR,1,7905
2003,BE,Correlational,1,Forest,3,BHGR,1,7906
2003,BE,Correlational,2,Forest,1,AMRO,2,7919
2003,BE,Correlational,2,Forest,1,AMRO,0,7920
2003,BE,Correlational,2,Forest,2,SOSP,1,7932
2003,BE,Correlational,2,Forest,2,SOSP,1,7933
2003,BE,Correlational,2,Forest,2,SPTO,1,7934
2003,BE,Correlational,2,Forest,2,SPTO,0,7935
2003,BE,Correlational,3,Matrix,1,HOFI,7,7943
2003,BE,Correlational,3,Matrix,1,HOFI,0,7944
2003,BE,Correlational,3,Matrix,2,AMCR,1,7950
2003,BE,Correlational,3,Matrix,2,AMCR,1,7951
2003,BE,Correlational,3,Matrix,2,AMRO,2,7952
2003,BE,Correlational,3,Matrix,2,AMRO,0,7953
2003,BE,Correlational,3,Matrix,2,HOFI,1,7956
2003,BE,Correlational,3,Matrix,2,HOFI,0,7957
2003,BE,Correlational,3,Matrix,2,HOSP,2,7958
2003,BE,Correlational,3,Matrix,2,HOSP,1,7959
2003,BE,Correlational,3,Matrix,3,HOFI,1,7964
2003,BE,Correlational,3,Matrix,3,HOFI,1,7965
2003,BE,Correlational,3,Matrix,4,PISI,5,7972
2003,BE,Correlational,3,Matrix,4,PISI,1,7973
2003,BE,Correlational,4,Matrix,2,AMCR,2,7989
2003,BE,Correlational,4,Matrix,2,AMCR,1,7990
2003,BE,Correlational,5,Matrix,2,HOFI,2,8027
2003,BE,Correlational,5,Matrix,2,HOFI,1,8028
2003,BE,Correlational,5,Matrix,2,HOFI,0,8029
2003,BE,Correlational,5,Matrix,2,HOSP,2,8030
2003,BE,Correlational,5,Matrix,2,HOSP,1,8031
2003,BE,Correlational,6,Matrix,2,AMRO,1,8061
2003,BE,Correlational,6,Matrix,2,AMRO,0,8062
2003,BE,Correlational,6,Matrix,3,HOSP,1,8073
2003,BE,Correlational,6,Matrix,3,HOSP,1,8074
2003,BE,Correlational,7,Matrix,1,HOFI,2,8085
2003,BE,Correlational,7,Matrix,1,HOFI,1,8086
2003,BE,Correlational,7,Matrix,1,HOSP,2,8087
2003,BE,Correlational,7,Matrix,1,HOSP,1,8088
2003,BE,Correlational,7,Matrix,2,AMRO,1,8091
2003,BE,Correlational,7,Matrix,2,AMRO,0,8092
2003,BE,Correlational,7,Matrix,2,HOFI,4,8097
2003,BE,Correlational,7,Matrix,2,HOFI,1,8098
2003,BE,Correlational,7,Matrix,2,HOSP,3,8099
2003,BE,Correlational,7,Matrix,2,HOSP,2,8100
2003,BE,Correlational,7,Matrix,2,HOSP,1,8101
2003,BE,Correlational,7,Matrix,2,VGSW,5,8103
2003,BE,Correlational,7,Matrix,2,VGSW,0,8104
2003,BE,Correlational,7,Matrix,4,STJA,1,8112
2003,BE,Correlational,7,Matrix,4,STJA,0,8113
2003,BE,Correlational,8,Matrix,2,BEWR,1,8124
2003,BE,Correlational,8,Matrix,2,BEWR,1,8125
2003,BE,Correlational,8,Matrix,2,HOFI,2,8127
2003,BE,Correlational,8,Matrix,2,HOFI,1,8128
2003,BE,Correlational,8,Matrix,2,HOSP,3,8129
2003,BE,Correlational,8,Matrix,2,HOSP,2,8130
2003,BE,Correlational,8,Matrix,4,HOSP,2,8141
2003,BE,Correlational,8,Matrix,4,HOSP,1,8142
2003,CN,Prepost_CD,2,Matrix,3,AMRO,2,8654
2003,CN,Prepost_CD,2,Matrix,3,AMRO,2,8655
2003,CN,Prepost_CD,2,Matrix,3,OSFL,1,8662
2003,CN,Prepost_CD,2,Matrix,3,OSFL,0,8663
2003,CN,Prepost_CD,2,Matrix,3,SOSP,2,8665
2003,CN,Prepost_CD,2,Matrix,3,SOSP,2,8666
2003,CN,Prepost_CD,2,Matrix,3,SWTH,2,8669
2003,CN,Prepost_CD,2,Matrix,3,SWTH,0,8670
2003,CN,Prepost_CD,3,Forest,2,AMCR,1,8697
2003,CN,Prepost_CD,3,Forest,2,AMCR,0,8698
2003,CN,Prepost_CD,3,Forest,2,AMRO,4,8700
2003,CN,Prepost_CD,3,Forest,2,AMRO,1,8701
2003,CN,Prepost_CD,3,Forest,2,BHCO,2,8702
2003,CN,Prepost_CD,3,Forest,2,BHCO,1,8703
2003,CN,Prepost_CD,3,Forest,2,DEJU,1,8705
2003,CN,Prepost_CD,3,Forest,2,DEJU,1,8706
2003,CN,Prepost_CD,3,Forest,2,SOSP,4,8712
2003,CN,Prepost_CD,3,Forest,2,SOSP,0,8713
2003,CN,Prepost_CD,3,Forest,2,SPTO,1,8714
2003,CN,Prepost_CD,3,Forest,2,SPTO,0,8715
2003,CN,Prepost_CD,3,Forest,2,SWTH,2,8716
2003,CN,Prepost_CD,3,Forest,2,SWTH,0,8717
2003,CN,Prepost_CD,3,Forest,2,VGSW,1,8718
2003,CN,Prepost_CD,3,Forest,2,VGSW,1,8719
2003,CN,Prepost_CD,3,Forest,2,WIWA,2,8721
2003,CN,Prepost_CD,3,Forest,2,WIWA,1,8722
2003,CN,Prepost_CD,3,Forest,3,AMRO,3,8724
2003,CN,Prepost_CD,3,Forest,3,AMRO,2,8725
2003,CN,Prepost_CD,3,Forest,3,CEDW,2,8729
2003,CN,Prepost_CD,3,Forest,3,CEDW,1,8730
2003,CN,Prepost_CD,3,Forest,3,SOSP,1,8736
2003,CN,Prepost_CD,3,Forest,3,SOSP,1,8737
2003,CN,Prepost_CD,3,Forest,3,SWTH,2,8739
2003,CN,Prepost_CD,3,Forest,3,SWTH,0,8740
2003,CN,Prepost_CD,3,Forest,3,WIWA,1,8743
2003,CN,Prepost_CD,3,Forest,3,WIWA,0,8744
2003,CN,Prepost_CD,5,Matrix,2,AMRO,1,8824
2003,CN,Prepost_CD,5,Matrix,2,AMRO,0,8825
2003,HI,Correlational,2,Forest,1,AMRO,1,9333
2003,HI,Correlational,2,Forest,1,AMRO,1,9334
2003,HI,Correlational,2,Forest,1,AMRO,1,9335
2003,HI,Correlational,2,Forest,1,AMRO,0,9336
2003,HI,Correlational,3,Matrix,1,AMCR,1,9367
2003,HI,Correlational,3,Matrix,1,AMCR,0,9368
2003,HI,Correlational,3,Matrix,1,BEWR,1,9370
2003,HI,Correlational,3,Matrix,1,BEWR,0,9371
2003,HI,Correlational,3,Matrix,3,SOSP,1,9392
2003,HI,Correlational,3,Matrix,3,SOSP,0,9393
2003,HI,Correlational,3,Matrix,4,PSFL,1,9400
2003,HI,Correlational,3,Matrix,4,PSFL,1,9401
2003,HI,Correlational,4,Matrix,1,AMCR,0,9404
2003,HI,Correlational,4,Matrix,1,AMCR,0,9405
2003,HI,Correlational,4,Matrix,1,BCCH,1,9407
2003,HI,Correlational,4,Matrix,1,BCCH,0,9408
2003,HI,Correlational,4,Matrix,1,SPTO,1,9412
2003,HI,Correlational,4,Matrix,1,SPTO,1,9413
2003,HI,Correlational,4,Matrix,2,AMCR,0,9414
2003,HI,Correlational,4,Matrix,2,AMCR,0,9415
2003,HI,Correlational,4,Matrix,2,SOSP,1,9421
2003,HI,Correlational,4,Matrix,2,SOSP,1,9422
2003,HI,Correlational,4,Matrix,2,SOSP,0,9423
2003,HI,Correlational,4,Matrix,2,STJA,1,9425
2003,HI,Correlational,4,Matrix,2,STJA,0,9426
2003,HI,Correlational,4,Matrix,3,NOFL,1,9434
2003,HI,Correlational,4,Matrix,3,NOFL,0,9435
2003,HI,Correlational,4,Matrix,3,STJA,1,9438
2003,HI,Correlational,4,Matrix,3,STJA,0,9439
2003,HI,Correlational,5,Forest,2,SOSP,1,9470
2003,HI,Correlational,5,Forest,2,SOSP,1,9471
2003,HI,Correlational,5,Forest,4,STJA,1,9491
2003,HI,Correlational,5,Forest,4,STJA,0,9492
2003,HI,Correlational,6,Matrix,2,AMRO,1,9503
2003,HI,Correlational,6,Matrix,2,AMRO,0,9504
2003,HI,Correlational,6,Matrix,2,PSFL,1,9506
2003,HI,Correlational,6,Matrix,2,PSFL,0,9507
2003,HI,Correlational,6,Matrix,2,SOSP,1,9508
2003,HI,Correlational,6,Matrix,2,SOSP,1,9509
2003,HI,Correlational,6,Matrix,2,SPTO,1,9510
2003,HI,Correlational,6,Matrix,2,SPTO,1,9511
2003,HI,Correlational,6,Matrix,4,AMRO,2,9523
2003,HI,Correlational,6,Matrix,4,AMRO,2,9524
2003,HI,Correlational,7,Matrix,1,AMCR,1,9533
2003,HI,Correlational,7,Matrix,1,AMCR,0,9534
2003,HI,Correlational,7,Matrix,1,AMRO,2,9535
2003,HI,Correlational,7,Matrix,1,AMRO,1,9536
2003,HI,Correlational,7,Matrix,1,AMRO,0,9537
2003,HI,Correlational,7,Matrix,1,SPTO,1,9541
2003,HI,Correlational,7,Matrix,1,SPTO,0,9542
2003,HI,Correlational,7,Matrix,3,AMCR,2,9549
2003,HI,Correlational,7,Matrix,3,AMCR,0,9550
2003,HI,Correlational,7,Matrix,3,STJA,2,9554
2003,HI,Correlational,7,Matrix,3,STJA,1,9555
2003,HI,Correlational,7,Matrix,4,SPTO,2,9563
2003,HI,Correlational,7,Matrix,4,SPTO,1,9564
2003,HI,Correlational,8,Matrix,2,AMRO,1,9573
2003,HI,Correlational,8,Matrix,2,AMRO,1,9574
2003,RR,Prepost_PCD,1,Matrix,1,AMCR,1,10281
2003,RR,Prepost_PCD,1,Matrix,1,AMCR,1,10282
2003,RR,Prepost_PCD,1,Matrix,1,AMCR,1,10283
2003,RR,Prepost_PCD,1,Matrix,1,AMRO,1,10284
2003,RR,Prepost_PCD,1,Matrix,1,AMRO,1,10285
2003,RR,Prepost_PCD,1,Matrix,1,SOSP,1,10288
2003,RR,Prepost_PCD,1,Matrix,1,SOSP,1,10289
2003,RR,Prepost_PCD,1,Matrix,1,SPTO,1,10290
2003,RR,Prepost_PCD,1,Matrix,1,SPTO,1,10291
2003,RR,Prepost_PCD,1,Matrix,1,SPTO,1,10292
2003,RR,Prepost_PCD,1,Matrix,4,AMRO,1,10308
2003,RR,Prepost_PCD,1,Matrix,4,AMRO,1,10309
2003,RR,Prepost_PCD,2,Matrix,1,AMCR,1,10311
2003,RR,Prepost_PCD,2,Matrix,1,AMCR,1,10312
2003,RR,Prepost_PCD,2,Matrix,1,AMCR,1,10313
2003,RR,Prepost_PCD,2,Matrix,1,PISI,3,10317
2003,RR,Prepost_PCD,2,Matrix,1,PISI,2,10318
2003,RR,Prepost_PCD,2,Matrix,1,VGSW,5,10322
2003,RR,Prepost_PCD,2,Matrix,1,VGSW,1,10323
2003,RR,Prepost_PCD,2,Matrix,1,VGSW,1,10324
2003,RR,Prepost_PCD,2,Matrix,3,HOFI,1,10335
2003,RR,Prepost_PCD,2,Matrix,3,HOFI,1,10336
2003,RR,Prepost_PCD,2,Matrix,4,AMCR,3,10339
2003,RR,Prepost_PCD,2,Matrix,4,AMCR,0,10340
2003,RR,Prepost_PCD,3,Matrix,1,AMCR,1,10345
2003,RR,Prepost_PCD,3,Matrix,1,AMCR,0,10346
2003,RR,Prepost_PCD,3,Matrix,1,AMCR,0,10347
2003,RR,Prepost_PCD,3,Matrix,1,PISI,2,10353
2003,RR,Prepost_PCD,3,Matrix,1,PISI,1,10354
2003,RR,Prepost_PCD,3,Matrix,1,SOSP,1,10355
2003,RR,Prepost_PCD,3,Matrix,1,SOSP,0,10356
2003,RR,Prepost_PCD,3,Matrix,1,WCSP,1,10358
2003,RR,Prepost_PCD,3,Matrix,1,WCSP,0,10359
2003,RR,Prepost_PCD,3,Matrix,2,AMRO,1,10360
2003,RR,Prepost_PCD,3,Matrix,2,AMRO,0,10361
2003,RR,Prepost_PCD,3,Matrix,3,WCSP,2,10373
2003,RR,Prepost_PCD,3,Matrix,3,WCSP,1,10374
2003,RR,Prepost_PCD,3,Matrix,3,WCSP,1,10375
2003,RR,Prepost_PCD,4,Matrix,1,AMCR,1,10385
2003,RR,Prepost_PCD,4,Matrix,1,AMCR,1,10386
2003,RR,Prepost_PCD,4,Matrix,1,AMCR,1,10387
2003,RR,Prepost_PCD,4,Matrix,1,PSFL,1,10392
2003,RR,Prepost_PCD,4,Matrix,1,PSFL,0,10393
2003,RR,Prepost_PCD,4,Matrix,1,SOSP,2,10394
2003,RR,Prepost_PCD,4,Matrix,1,SOSP,0,10395
2003,RR,Prepost_PCD,5,Forest,1,CBCH,4,10414
2003,RR,Prepost_PCD,5,Forest,1,CBCH,1,10415
2003,RR,Prepost_PCD,5,Forest,3,SPTO,1,10435
2003,RR,Prepost_PCD,5,Forest,3,SPTO,1,10436
2003,RR,Prepost_PCD,6,Matrix,1,AMRO,2,10445
2003,RR,Prepost_PCD,6,Matrix,1,AMRO,1,10446
2003,RR,Prepost_PCD,6,Matrix,1,AMRO,0,10447
2003,RR,Prepost_PCD,6,Matrix,1,PISI,2,10452
2003,RR,Prepost_PCD,6,Matrix,1,PISI,2,10453
2003,RR,Prepost_PCD,6,Matrix,1,STJA,0,10456
2003,RR,Prepost_PCD,6,Matrix,1,STJA,0,10457
2003,RR,Prepost_PCD,6,Matrix,2,DEJU,1,10461
2003,RR,Prepost_PCD,6,Matrix,2,DEJU,0,10462
2003,RR,Prepost_PCD,6,Matrix,2,EUST,1,10463
2003,RR,Prepost_PCD,6,Matrix,2,EUST,0,10464
2003,RR,Prepost_PCD,6,Matrix,3,AMCR,2,10468
2003,RR,Prepost_PCD,6,Matrix,3,AMCR,0,10469
2003,RR,Prepost_PCD,6,Matrix,3,AMCR,0,10470
2003,RR,Prepost_PCD,6,Matrix,4,AMCR,1,10479
2003,RR,Prepost_PCD,6,Matrix,4,AMCR,0,10480
2003,RR,Prepost_PCD,7,Matrix,1,AMCR,5,10482
2003,RR,Prepost_PCD,7,Matrix,1,AMCR,1,10483
2003,RR,Prepost_PCD,7,Matrix,1,AMCR,0,10484
2003,RR,Prepost_PCD,7,Matrix,1,VGSW,1,10488
2003,RR,Prepost_PCD,7,Matrix,1,VGSW,0,10489
2003,RR,Prepost_PCD,7,Matrix,2,AMRO,0,10491
2003,RR,Prepost_PCD,7,Matrix,2,AMRO,0,10492
2003,RR,Prepost_PCD,8,Matrix,1,AMRO,0,10505
2003,RR,Prepost_PCD,8,Matrix,1,AMRO,0,10506
2003,RR,Prepost_PCD,8,Matrix,1,PISI,3,10509
2003,RR,Prepost_PCD,8,Matrix,1,PISI,0,10510
2003,RR,Prepost_PCD,8,Matrix,2,DEJU,2,10516
2003,RR,Prepost_PCD,8,Matrix,2,DEJU,1,10517
2003,RR,Prepost_PCD,8,Matrix,2,DEJU,1,10518
2003,RR,Prepost_PCD,8,Matrix,2,EUST,1,10519
2003,RR,Prepost_PCD,8,Matrix,2,EUST,0,10520
2003,RR,Prepost_PCD,8,Matrix,2,VGSW,2,10523
2003,RR,Prepost_PCD,8,Matrix,2,VGSW,0,10524
2003,RR,Prepost_PCD,8,Matrix,3,AMCR,0,10527
2003,RR,Prepost_PCD,8,Matrix,3,AMCR,0,10528
2003,RR,Prepost_PCD,8,Matrix,4,AMCR,1,10533
2003,RR,Prepost_PCD,8,Matrix,4,AMCR,0,10534
2003,RW,Reserve,1,Forest,1,AMRO,1,10536
2003,RW,Reserve,1,Forest,1,AMRO,0,10537
2003,RW,Reserve,2,Forest,1,SOSP,1,10557
2003,RW,Reserve,2,Forest,1,SOSP,0,10558
2003,RW,Reserve,2,Forest,2,SWTH,0,10567
2003,RW,Reserve,2,Forest,2,SWTH,0,10568
2003,RW,Reserve,3,Forest,1,PAWR,1,10580
2003,RW,Reserve,3,Forest,1,PAWR,0,10581
2003,RW,Reserve,4,Forest,1,PAWR,1,10597
2003,RW,Reserve,4,Forest,1,PAWR,0,10598
2003,RW,Reserve,6,Forest,1,PAWR,1,10641
2003,RW,Reserve,6,Forest,1,PAWR,0,10642
2003,RW,Reserve,6,Forest,2,SWTH,1,10648
2003,RW,Reserve,6,Forest,2,SWTH,0,10649
2003,RW,Reserve,7,Forest,2,SWTH,0,10674
2003,RW,Reserve,7,Forest,2,SWTH,0,10675
2003,RW,Reserve,8,Forest,1,PSFL,1,10688
2003,RW,Reserve,8,Forest,1,PSFL,0,10689
2003,WE,Correlational,2,Matrix,2,AMCR,2,11936
2003,WE,Correlational,2,Matrix,2,AMCR,1,11937
2003,WE,Correlational,2,Matrix,2,AMRO,2,11938
2003,WE,Correlational,2,Matrix,2,AMRO,1,11939
2003,WE,Correlational,2,Matrix,2,EUST,2,11945
2003,WE,Correlational,2,Matrix,2,EUST,1,11946
2003,WE,Correlational,2,Matrix,2,SOSP,4,11950
2003,WE,Correlational,2,Matrix,2,SOSP,0,11951
2003,WE,Correlational,2,Matrix,2,SPTO,1,11952
2003,WE,Correlational,2,Matrix,2,SPTO,0,11953
2004,CN,Prepost_CD,3,Matrix,3,AMGO,2,12718
2004,CN,Prepost_CD,3,Matrix,3,AMGO,1,12719
2004,CN,Prepost_CD,3,Matrix,3,AMRO,3,12720
2004,CN,Prepost_CD,3,Matrix,3,AMRO,0,12721
2004,CN,Prepost_CD,3,Matrix,3,OSFL,0,12726
2004,CN,Prepost_CD,3,Matrix,3,OSFL,0,12727
2004,CN,Prepost_CD,3,Matrix,3,SPTO,1,12730
2004,CN,Prepost_CD,3,Matrix,3,SPTO,0,12731
2004,CN,Prepost_CD,3,Matrix,3,SWTH,1,12732
2004,CN,Prepost_CD,3,Matrix,3,SWTH,1,12733
2004,CN,Prepost_CD,3,Matrix,3,VGSW,2,12734
2004,CN,Prepost_CD,3,Matrix,3,VGSW,0,12735
2004,CN,Prepost_CD,3,Matrix,3,WEWP,0,12736
2004,CN,Prepost_CD,3,Matrix,3,WEWP,0,12737
2004,CN,Prepost_CD,3,Matrix,3,WIWA,1,12739
2004,CN,Prepost_CD,3,Matrix,3,WIWA,0,12740
2004,IH,Prepost_PCD,6,Forest,3,ROPI,1,13104
2004,IH,Prepost_PCD,6,Forest,3,ROPI,0,13105
2004,SR,Prepost_PCD,6,Matrix,1,SPTO,1,14297
2004,SR,Prepost_PCD,6,Matrix,1,SPTO,0,14298
2004,UP,Prepost_CD,5,Forest,1,BHGR,0,14665
2004,UP,Prepost_CD,5,Forest,1,BHGR,0,14666
2005,CM,Reserve,7,Forest,3,AMRO,1,15269
2005,CM,Reserve,7,Forest,3,AMRO,0,15270
2005,SR,Prepost_PCD,2,Forest,2,PSFL,1,17076
2005,SR,Prepost_PCD,2,Forest,2,PSFL,0,17077
2006,LF,Reserve,3,Forest,2,AMCR,0,18609
2006,LF,Reserve,3,Forest,2,AMCR,0,18610
2006,LF,Reserve,3,Forest,2,AMRO,0,18611
2006,LF,Reserve,3,Forest,2,AMRO,0,18612
2006,LF,Reserve,3,Forest,2,BEWR,1,18614
2006,LF,Reserve,3,Forest,2,BEWR,0,18615
2006,LF,Reserve,3,Forest,2,PAWR,2,18619
2006,LF,Reserve,3,Forest,2,PAWR,2,18620
2006,LF,Reserve,3,Forest,2,PSFL,1,18621
2006,LF,Reserve,3,Forest,2,PSFL,0,18622
2006,LF,Reserve,3,Forest,2,SPTO,2,18624
2006,LF,Reserve,3,Forest,2,SPTO,1,18625
2006,LF,Reserve,3,Forest,2,SWTH,1,18626
2006,LF,Reserve,3,Forest,2,SWTH,1,18627
2006,RR,Prepost_PCD,7,Matrix,1,AMRO,2,19146
2006,RR,Prepost_PCD,7,Matrix,1,AMRO,1,19147
2006,RR,Prepost_PCD,7,Matrix,4,AMGO,1,19180
2006,RR,Prepost_PCD,7,Matrix,4,AMGO,0,19181
2007,CN,Prepost_CD,6,Matrix,2,ROPI,2,20733
2007,CN,Prepost_CD,6,Matrix,2,ROPI,1,20734
2007,TE,Prepost_CD,3,Forest,2,PUFI,0,22265
2007,TE,Prepost_CD,3,Forest,2,PUFI,0,22266
2008,BE,Correlational,4,Matrix,2,AMCR,1,22793
2008,BE,Correlational,4,Matrix,2,AMCR,0,22794
2008,BE,Correlational,4,Matrix,2,HOFI,3,22800
2008,BE,Correlational,4,Matrix,2,HOFI,0,22801
2008,BE,Correlational,5,Matrix,2,AMRO,2,22833
2008,BE,Correlational,5,Matrix,2,AMRO,1,22834
2008,CN,Prepost_CD,2,Matrix,3,ROPI,2,23470
2008,CN,Prepost_CD,2,Matrix,3,ROPI,0,23471
2008,IH,Prepost_PCD,3,Matrix,1,ROPI,1,23826
2008,IH,Prepost_PCD,3,Matrix,1,ROPI,1,23827
2008,MO,Prepost_CD,5,Forest,1,VGSW,2,24273
2008,MO,Prepost_CD,5,Forest,1,VGSW,2,24274
2008,MO,Prepost_CD,6,Matrix,3,HOFI,1,24311
2008,MO,Prepost_CD,6,Matrix,3,HOFI,1,24312
2008,RR,Prepost_PCD,6,Matrix,1,VGSW,1,24510
2008,RR,Prepost_PCD,6,Matrix,1,VGSW,7,24511
2008,SR,Prepost_PCD,3,Matrix,2,AMCR,1,24897
2008,SR,Prepost_PCD,3,Matrix,2,AMCR,1,24898
2008,SR,Prepost_PCD,5,Matrix,1,ROPI,2,24957
2008,SR,Prepost_PCD,5,Matrix,1,ROPI,1,24958
2008,UP,Prepost_CD,2,Matrix,2,VGSW,2,25337
2008,UP,Prepost_CD,2,Matrix,2,VGSW,1,25338
2009,BE,Correlational,4,Matrix,4,AMCR,2,25634
2009,BE,Correlational,4,Matrix,4,AMCR,2,25635
2009,BE,Correlational,4,Matrix,4,AMRO,4,25637
2009,BE,Correlational,4,Matrix,4,AMRO,1,25638
2010,BE,Correlational,1,Forest,1,AMRO,1,26755
2010,BE,Correlational,1,Forest,1,AMRO,1,26756
2010,BE,Correlational,1,Forest,1,SOSP,1,26761
2010,BE,Correlational,1,Forest,1,SOSP,1,26762
2010,BE,Correlational,1,Forest,1,SPTO,1,26763
2010,BE,Correlational,1,Forest,1,SPTO,1,26764
2010,BE,Correlational,1,Forest,2,SOSP,1,26768
2010,BE,Correlational,1,Forest,2,SOSP,1,26769
2010,BE,Correlational,1,Forest,2,SOSP,1,26770
2010,BE,Correlational,1,Forest,3,BCCH,1,26771
2010,BE,Correlational,1,Forest,3,BCCH,1,26772
2010,BE,Correlational,2,Forest,1,BEWR,1,26780
2010,BE,Correlational,2,Forest,1,BEWR,1,26781
2010,BE,Correlational,2,Forest,2,AMRO,1,26788
2010,BE,Correlational,2,Forest,2,AMRO,1,26789
2010,BE,Correlational,2,Forest,2,AMRO,1,26790
2010,BE,Correlational,2,Forest,2,CBCH,1,26792
2010,BE,Correlational,2,Forest,2,CBCH,1,26793
2010,BE,Correlational,2,Forest,3,DEJU,1,26795
2010,BE,Correlational,2,Forest,3,DEJU,1,26796
2010,BE,Correlational,3,Matrix,1,AMGO,1,26800
2010,BE,Correlational,3,Matrix,1,AMGO,1,26801
2010,BE,Correlational,3,Matrix,3,BCCH,1,26810
2010,BE,Correlational,3,Matrix,3,BCCH,1,26811
2010,BE,Correlational,3,Matrix,3,HOFI,1,26813
2010,BE,Correlational,3,Matrix,3,HOFI,1,26814
2010,BE,Correlational,4,Matrix,1,AMGO,1,26825
2010,BE,Correlational,4,Matrix,1,AMGO,1,26826
2010,BE,Correlational,4,Matrix,1,PISI,1,26829
2010,BE,Correlational,4,Matrix,1,PISI,1,26830
2010,BE,Correlational,4,Matrix,1,PISI,1,26831
2010,BE,Correlational,4,Matrix,1,PISI,1,26832
2010,BE,Correlational,4,Matrix,1,PISI,1,26833
2010,BE,Correlational,4,Matrix,1,PISI,1,26834
2010,BE,Correlational,4,Matrix,2,CBCH,1,26840
2010,BE,Correlational,4,Matrix,2,CBCH,1,26841
2010,BE,Correlational,4,Matrix,2,CBCH,1,26842
2010,BE,Correlational,4,Matrix,3,BEWR,1,26844
2010,BE,Correlational,4,Matrix,3,BEWR,1,26845
2010,BE,Correlational,5,Matrix,1,EUST,1,26855
2010,BE,Correlational,5,Matrix,1,EUST,1,26856
2010,BE,Correlational,5,Matrix,1,EUST,1,26857
2010,BE,Correlational,5,Matrix,2,HOFI,1,26865
2010,BE,Correlational,5,Matrix,2,HOFI,1,26866
2010,BE,Correlational,5,Matrix,2,SPTO,1,26868
2010,BE,Correlational,5,Matrix,2,SPTO,1,26869
2010,BE,Correlational,5,Matrix,3,BCCH,1,26872
2010,BE,Correlational,5,Matrix,3,BCCH,1,26873
2010,BE,Correlational,5,Matrix,3,BEWR,1,26874
2010,BE,Correlational,5,Matrix,3,BEWR,1,26875
2010,BE,Correlational,5,Matrix,3,DEJU,1,26877
2010,BE,Correlational,5,Matrix,3,DEJU,1,26878
2010,BE,Correlational,5,Matrix,3,EUST,1,26879
2010,BE,Correlational,5,Matrix,3,EUST,1,26880
2010,BE,Correlational,5,Matrix,3,HOSP,1,26882
2010,BE,Correlational,5,Matrix,3,HOSP,1,26883
2010,BE,Correlational,5,Matrix,3,HOSP,1,26884
2010,BE,Correlational,5,Matrix,3,HOSP,1,26885
2010,BE,Correlational,5,Matrix,3,HOSP,1,26886
2010,BE,Correlational,5,Matrix,3,HOSP,1,26887
2010,BE,Correlational,6,Matrix,1,EUST,1,26898
2010,BE,Correlational,6,Matrix,1,EUST,1,26899
2010,BE,Correlational,6,Matrix,1,VGSW,1,26905
2010,BE,Correlational,6,Matrix,1,VGSW,1,26906
2010,BE,Correlational,6,Matrix,1,VGSW,1,26907
2010,BE,Correlational,6,Matrix,1,VGSW,1,26908
2010,BE,Correlational,6,Matrix,3,EUST,1,26914
2010,BE,Correlational,6,Matrix,3,EUST,1,26915
2010,BE,Correlational,6,Matrix,3,EUST,1,26916
2010,BE,Correlational,7,Matrix,1,EUST,1,26928
2010,BE,Correlational,7,Matrix,1,EUST,1,26929
2010,BE,Correlational,7,Matrix,1,VGSW,1,26933
2010,BE,Correlational,7,Matrix,1,VGSW,1,26934
2010,BE,Correlational,7,Matrix,2,AMCR,1,26935
2010,BE,Correlational,7,Matrix,2,AMCR,1,26936
2010,BE,Correlational,7,Matrix,3,AMCR,1,26938
2010,BE,Correlational,7,Matrix,3,AMCR,1,26939
2010,BE,Correlational,7,Matrix,3,AMCR,1,26940
2010,BE,Correlational,7,Matrix,3,AMCR,1,26941
2010,BE,Correlational,8,Matrix,1,AMRO,1,26950
2010,BE,Correlational,8,Matrix,1,AMRO,1,26951
2010,BE,Correlational,8,Matrix,1,EUST,1,26955
2010,BE,Correlational,8,Matrix,1,EUST,1,26956
2010,BE,Correlational,8,Matrix,2,AMCR,1,26957
2010,BE,Correlational,8,Matrix,2,AMCR,1,26958
2010,BE,Correlational,8,Matrix,2,AMCR,1,26959
2010,BE,Correlational,8,Matrix,2,BEWR,1,26961
2010,BE,Correlational,8,Matrix,2,BEWR,1,26962
2010,CM,Reserve,1,Forest,3,CBCH,1,26978
2010,CM,Reserve,1,Forest,3,CBCH,1,26979
2010,CM,Reserve,1,Forest,3,DEJU,1,26980
2010,CM,Reserve,1,Forest,3,DEJU,1,26981
2010,CM,Reserve,2,Forest,2,PAWR,1,26997
2010,CM,Reserve,2,Forest,2,PAWR,1,26998
2010,CM,Reserve,2,Forest,3,CBCH,1,27001
2010,CM,Reserve,2,Forest,3,CBCH,1,27002
2010,CM,Reserve,3,Forest,1,PSFL,1,27016
2010,CM,Reserve,3,Forest,1,PSFL,1,27017
2010,CM,Reserve,3,Forest,2,SWTH,1,27023
2010,CM,Reserve,3,Forest,2,SWTH,1,27024
2010,CM,Reserve,3,Forest,3,PSFL,1,27032
2010,CM,Reserve,3,Forest,3,PSFL,1,27033
2010,CM,Reserve,3,Forest,3,SOSP,1,27034
2010,CM,Reserve,3,Forest,3,SOSP,1,27035
2010,CM,Reserve,4,Forest,1,SWTH,1,27045
2010,CM,Reserve,4,Forest,1,SWTH,1,27046
2010,CM,Reserve,4,Forest,2,SWTH,1,27053
2010,CM,Reserve,4,Forest,2,SWTH,1,27054
2010,CM,Reserve,4,Forest,2,SWTH,1,27055
2010,CM,Reserve,4,Forest,2,SWTH,1,27056
2010,CM,Reserve,4,Forest,2,WETA,1,27058
2010,CM,Reserve,4,Forest,2,WETA,1,27059
2010,CM,Reserve,5,Forest,1,SWTH,1,27070
2010,CM,Reserve,5,Forest,1,SWTH,1,27071
2010,CM,Reserve,5,Forest,2,SWTH,1,27074
2010,CM,Reserve,5,Forest,2,SWTH,1,27075
2010,CM,Reserve,5,Forest,2,SWTH,1,27076
2010,CM,Reserve,5,Forest,2,SWTH,1,27077
2010,CM,Reserve,5,Forest,3,RECR,1,27080
2010,CM,Reserve,5,Forest,3,RECR,1,27081
2010,CM,Reserve,5,Forest,3,WIWA,1,27084
2010,CM,Reserve,5,Forest,3,WIWA,1,27085
2010,CM,Reserve,6,Forest,1,WIWA,1,27095
2010,CM,Reserve,6,Forest,1,WIWA,1,27096
2010,CM,Reserve,7,Forest,1,SWTH,1,27115
2010,CM,Reserve,7,Forest,1,SWTH,1,27116
2010,CM,Reserve,7,Forest,1,SWTH,1,27117
2010,CM,Reserve,7,Forest,2,AMRO,1,27119
2010,CM,Reserve,7,Forest,2,AMRO,1,27120
2010,CM,Reserve,7,Forest,3,PAWR,1,27129
2010,CM,Reserve,7,Forest,3,PAWR,1,27130
2010,CM,Reserve,8,Forest,2,SWTH,1,27146
2010,CM,Reserve,8,Forest,2,SWTH,1,27147
2010,CM,Reserve,8,Forest,3,PSFL,1,27149
2010,CM,Reserve,8,Forest,3,PSFL,1,27150
2010,CM,Reserve,8,Forest,3,STJA,1,27153
2010,CM,Reserve,8,Forest,3,STJA,1,27154
2010,CN,Prepost_CD,1,Matrix,1,AMGO,1,27163
2010,CN,Prepost_CD,1,Matrix,1,AMGO,1,27164
2010,CN,Prepost_CD,1,Matrix,1,AMGO,1,27165
2010,CN,Prepost_CD,1,Matrix,1,RUHU,1,27167
2010,CN,Prepost_CD,1,Matrix,1,RUHU,1,27168
2010,CN,Prepost_CD,1,Matrix,1,VGSW,1,27169
2010,CN,Prepost_CD,1,Matrix,1,VGSW,1,27170
2010,CN,Prepost_CD,1,Matrix,2,RUHU,1,27174
2010,CN,Prepost_CD,1,Matrix,2,RUHU,1,27175
2010,CN,Prepost_CD,1,Matrix,3,SOSP,1,27179
2010,CN,Prepost_CD,1,Matrix,3,SOSP,1,27180
2010,CN,Prepost_CD,2,Matrix,1,VGSW,1,27190
2010,CN,Prepost_CD,2,Matrix,1,VGSW,1,27191
2010,CN,Prepost_CD,3,Matrix,1,SPTO,1,27206
2010,CN,Prepost_CD,3,Matrix,1,SPTO,1,27207
2010,CN,Prepost_CD,3,Matrix,1,STJA,1,27208
2010,CN,Prepost_CD,3,Matrix,1,STJA,1,27209
2010,CN,Prepost_CD,3,Matrix,1,STJA,1,27210
2010,CN,Prepost_CD,3,Matrix,1,SWTH,1,27211
2010,CN,Prepost_CD,3,Matrix,1,SWTH,1,27212
2010,CN,Prepost_CD,3,Matrix,2,AMRO,1,27216
2010,CN,Prepost_CD,3,Matrix,2,AMRO,1,27217
2010,CN,Prepost_CD,3,Matrix,3,BEWR,1,27218
2010,CN,Prepost_CD,3,Matrix,3,BEWR,1,27219
2010,CN,Prepost_CD,4,Forest,2,SOSP,1,27241
2010,CN,Prepost_CD,4,Forest,2,SOSP,1,27242
2010,CN,Prepost_CD,4,Forest,2,SOSP,1,27243
2010,CN,Prepost_CD,5,Matrix,2,AMCR,1,27254
2010,CN,Prepost_CD,5,Matrix,2,AMCR,1,27255
2010,CN,Prepost_CD,5,Matrix,2,BCCH,1,27257
2010,CN,Prepost_CD,5,Matrix,2,BCCH,1,27258
2010,CN,Prepost_CD,5,Matrix,2,RUHU,1,27260
2010,CN,Prepost_CD,5,Matrix,2,RUHU,1,27261
2010,CN,Prepost_CD,5,Matrix,3,AMRO,1,27262
2010,CN,Prepost_CD,5,Matrix,3,AMRO,1,27263
2010,CN,Prepost_CD,5,Matrix,3,WCSP,1,27267
2010,CN,Prepost_CD,5,Matrix,3,WCSP,1,27268
2010,CN,Prepost_CD,6,Matrix,3,BEWR,1,27288
2010,CN,Prepost_CD,6,Matrix,3,BEWR,1,27289
2010,CN,Prepost_CD,6,Matrix,3,BEWR,1,27290
2010,CN,Prepost_CD,7,Matrix,1,AMGO,1,27301
2010,CN,Prepost_CD,7,Matrix,1,AMGO,1,27302
2010,CN,Prepost_CD,7,Matrix,1,AMRO,1,27303
2010,CN,Prepost_CD,7,Matrix,1,AMRO,1,27304
2010,CN,Prepost_CD,7,Matrix,1,VGSW,1,27308
2010,CN,Prepost_CD,7,Matrix,1,VGSW,1,27309
2010,CN,Prepost_CD,7,Matrix,2,HOFI,1,27313
2010,CN,Prepost_CD,7,Matrix,2,HOFI,1,27314
2010,CN,Prepost_CD,7,Matrix,3,DEJU,1,27316
2010,CN,Prepost_CD,7,Matrix,3,DEJU,1,27317
2010,CN,Prepost_CD,8,Matrix,1,VGSW,1,27328
2010,CN,Prepost_CD,8,Matrix,1,VGSW,1,27329
2010,CN,Prepost_CD,8,Matrix,2,AMCR,1,27330
2010,CN,Prepost_CD,8,Matrix,2,AMCR,1,27331
2010,CN,Prepost_CD,8,Matrix,2,DEJU,1,27334
2010,CN,Prepost_CD,8,Matrix,2,DEJU,1,27335
2010,CN,Prepost_CD,8,Matrix,3,DEJU,1,27341
2010,CN,Prepost_CD,8,Matrix,3,DEJU,1,27342
2010,CN,Prepost_CD,8,Matrix,3,HOFI,1,27343
2010,CN,Prepost_CD,8,Matrix,3,HOFI,1,27344
2010,FW,Correlational,1,Matrix,1,AMRO,1,27351
2010,FW,Correlational,1,Matrix,1,AMRO,1,27352
2010,FW,Correlational,1,Matrix,1,VGSW,1,27356
2010,FW,Correlational,1,Matrix,1,VGSW,1,27357
2010,FW,Correlational,1,Matrix,2,EUST,1,27361
2010,FW,Correlational,1,Matrix,2,EUST,1,27362
2010,FW,Correlational,1,Matrix,3,AMRO,1,27365
2010,FW,Correlational,1,Matrix,3,AMRO,1,27366
2010,FW,Correlational,2,Matrix,1,SPTO,1,27376
2010,FW,Correlational,2,Matrix,1,SPTO,1,27377
2010,FW,Correlational,2,Matrix,2,AMRO,1,27379
2010,FW,Correlational,2,Matrix,2,AMRO,1,27380
2010,FW,Correlational,2,Matrix,2,AMRO,1,27381
2010,FW,Correlational,3,Matrix,1,BHGR,1,27387
2010,FW,Correlational,3,Matrix,1,BHGR,1,27388
2010,FW,Correlational,3,Matrix,2,CEDW,1,27396
2010,FW,Correlational,3,Matrix,2,CEDW,1,27397
2010,FW,Correlational,3,Matrix,2,SWTH,1,27399
2010,FW,Correlational,3,Matrix,2,SWTH,1,27400
2010,FW,Correlational,3,Matrix,3,DEJU,1,27402
2010,FW,Correlational,3,Matrix,3,DEJU,1,27403
2010,FW,Correlational,3,Matrix,3,DEJU,1,27404
2010,FW,Correlational,4,Matrix,1,AMRO,1,27411
2010,FW,Correlational,4,Matrix,1,AMRO,1,27412
2010,FW,Correlational,5,Forest,2,AMRO,1,27432
2010,FW,Correlational,5,Forest,2,AMRO,1,27433
2010,FW,Correlational,5,Forest,2,CBCH,1,27434
2010,FW,Correlational,5,Forest,2,CBCH,1,27435
2010,FW,Correlational,5,Forest,2,RBSA,1,27437
2010,FW,Correlational,5,Forest,2,RBSA,1,27438
2010,FW,Correlational,5,Forest,2,STJA,1,27440
2010,FW,Correlational,5,Forest,2,STJA,1,27441
2010,FW,Correlational,5,Forest,2,SWTH,1,27442
2010,FW,Correlational,5,Forest,2,SWTH,1,27443
2010,FW,Correlational,5,Forest,2,SWTH,1,27444
2010,FW,Correlational,5,Forest,3,STJA,1,27448
2010,FW,Correlational,5,Forest,3,STJA,1,27449
2010,FW,Correlational,6,Forest,1,AMRO,1,27455
2010,FW,Correlational,6,Forest,1,AMRO,1,27456
2010,FW,Correlational,6,Forest,1,PSFL,1,27458
2010,FW,Correlational,6,Forest,1,PSFL,1,27459
2010,FW,Correlational,6,Forest,3,CBCH,1,27467
2010,FW,Correlational,6,Forest,3,CBCH,1,27468
2010,FW,Correlational,6,Forest,3,CEDW,1,27469
2010,FW,Correlational,6,Forest,3,CEDW,1,27470
2010,FW,Correlational,7,Matrix,1,AMRO,1,27474
2010,FW,Correlational,7,Matrix,1,AMRO,1,27475
2010,FW,Correlational,7,Matrix,1,AMRO,1,27476
2010,FW,Correlational,7,Matrix,2,AMRO,1,27483
2010,FW,Correlational,7,Matrix,2,AMRO,1,27484
2010,FW,Correlational,7,Matrix,2,HOFI,1,27485
2010,FW,Correlational,7,Matrix,2,HOFI,1,27486
2010,FW,Correlational,7,Matrix,3,WIWA,1,27488
2010,FW,Correlational,7,Matrix,3,WIWA,1,27489
2010,FW,Correlational,8,Matrix,1,AMRO,1,27493
2010,FW,Correlational,8,Matrix,1,AMRO,1,27494
2010,FW,Correlational,8,Matrix,1,AMRO,1,27495
2010,FW,Correlational,8,Matrix,1,ROPI,1,27499
2010,FW,Correlational,8,Matrix,1,ROPI,1,27500
2010,FW,Correlational,8,Matrix,1,ROPI,1,27501
2010,FW,Correlational,8,Matrix,1,ROPI,1,27502
2010,FW,Correlational,8,Matrix,1,VGSW,1,27504
2010,FW,Correlational,8,Matrix,1,VGSW,1,27505
2010,FW,Correlational,8,Matrix,2,AMRO,1,27507
2010,FW,Correlational,8,Matrix,2,AMRO,1,27508
2010,FW,Correlational,8,Matrix,2,AMRO,1,27509
2010,FW,Correlational,8,Matrix,2,AMRO,1,27510
2010,FW,Correlational,8,Matrix,2,STJA,1,27514
2010,FW,Correlational,8,Matrix,2,STJA,1,27515
2010,FW,Correlational,8,Matrix,3,EUST,1,27517
2010,FW,Correlational,8,Matrix,3,EUST,1,27518
2010,HI,Correlational,2,Forest,2,CBCH,1,27555
2010,HI,Correlational,2,Forest,2,CBCH,1,27556
2010,HI,Correlational,2,Forest,2,CBCH,1,27557
2010,HI,Correlational,2,Forest,3,CBCH,1,27562
2010,HI,Correlational,2,Forest,3,CBCH,1,27563
2010,HI,Correlational,3,Matrix,1,RECR,1,27575
2010,HI,Correlational,3,Matrix,1,RECR,1,27576
2010,HI,Correlational,3,Matrix,2,DEJU,1,27582
2010,HI,Correlational,3,Matrix,2,DEJU,1,27583
2010,HI,Correlational,3,Matrix,3,CBCH,1,27587
2010,HI,Correlational,3,Matrix,3,CBCH,1,27588
2010,HI,Correlational,3,Matrix,3,PISI,1,27589
2010,HI,Correlational,3,Matrix,3,PISI,1,27590
2010,HI,Correlational,3,Matrix,3,RBNU,1,27591
2010,HI,Correlational,3,Matrix,3,RBNU,1,27592
2010,HI,Correlational,3,Matrix,3,RECR,1,27593
2010,HI,Correlational,3,Matrix,3,RECR,1,27594
2010,HI,Correlational,3,Matrix,3,RECR,1,27595
2010,HI,Correlational,3,Matrix,3,RECR,1,27596
2010,HI,Correlational,3,Matrix,3,RECR,1,27597
2010,HI,Correlational,3,Matrix,3,RECR,1,27598
2010,HI,Correlational,3,Matrix,3,RECR,1,27599
2010,HI,Correlational,3,Matrix,3,SPTO,1,27600
2010,HI,Correlational,3,Matrix,3,SPTO,1,27601
2010,HI,Correlational,4,Matrix,2,SPTO,1,27615
2010,HI,Correlational,4,Matrix,2,SPTO,1,27616
2010,HI,Correlational,5,Forest,2,AMRO,1,27634
2010,HI,Correlational,5,Forest,2,AMRO,1,27635
2010,HI,Correlational,5,Forest,2,PUFI,1,27637
2010,HI,Correlational,5,Forest,2,PUFI,1,27638
2010,HI,Correlational,5,Forest,3,GCKI,1,27644
2010,HI,Correlational,5,Forest,3,GCKI,1,27645
2010,HI,Correlational,5,Forest,3,GCKI,1,27646
2010,HI,Correlational,5,Forest,3,GCKI,1,27647
2010,HI,Correlational,5,Forest,3,SPTO,1,27649
2010,HI,Correlational,5,Forest,3,SPTO,1,27650
2010,HI,Correlational,6,Matrix,1,SOSP,1,27659
2010,HI,Correlational,6,Matrix,1,SOSP,1,27660
2010,HI,Correlational,6,Matrix,3,SPTO,1,27669
2010,HI,Correlational,6,Matrix,3,SPTO,1,27670
2010,HI,Correlational,7,Matrix,1,PISI,1,27682
2010,HI,Correlational,7,Matrix,1,PISI,1,27683
2010,HI,Correlational,7,Matrix,1,ROPI,1,27684
2010,HI,Correlational,7,Matrix,1,ROPI,1,27685
2010,HI,Correlational,7,Matrix,2,GCKI,1,27688
2010,HI,Correlational,7,Matrix,2,GCKI,1,27689
2010,HI,Correlational,8,Matrix,3,SOSP,1,27704
2010,HI,Correlational,8,Matrix,3,SOSP,1,27705
2010,HI,Correlational,8,Matrix,3,SPTO,1,27706
2010,HI,Correlational,8,Matrix,3,SPTO,1,27707
2010,IH,Prepost_PCD,1,Matrix,1,VGSW,1,27718
2010,IH,Prepost_PCD,1,Matrix,1,VGSW,1,27719
2010,IH,Prepost_PCD,1,Matrix,1,VGSW,1,27720
2010,IH,Prepost_PCD,1,Matrix,1,VGSW,1,27721
2010,IH,Prepost_PCD,1,Matrix,1,VGSW,1,27722
2010,IH,Prepost_PCD,1,Matrix,1,VGSW,1,27723
2010,IH,Prepost_PCD,1,Matrix,1,VGSW,1,27724
2010,IH,Prepost_PCD,1,Matrix,1,VGSW,1,27725
2010,IH,Prepost_PCD,1,Matrix,1,YRWA,1,27726
2010,IH,Prepost_PCD,1,Matrix,1,YRWA,1,27727
2010,IH,Prepost_PCD,1,Matrix,2,VGSW,1,27731
2010,IH,Prepost_PCD,1,Matrix,2,VGSW,1,27732
2010,IH,Prepost_PCD,1,Matrix,2,VGSW,1,27733
2010,IH,Prepost_PCD,1,Matrix,2,VGSW,1,27734
2010,IH,Prepost_PCD,1,Matrix,3,AMRO,1,27736
2010,IH,Prepost_PCD,1,Matrix,3,AMRO,1,27737
2010,IH,Prepost_PCD,1,Matrix,3,CEDW,1,27739
2010,IH,Prepost_PCD,1,Matrix,3,CEDW,1,27740
2010,IH,Prepost_PCD,1,Matrix,3,CEDW,1,27741
2010,IH,Prepost_PCD,1,Matrix,3,SPTO,1,27744
2010,IH,Prepost_PCD,1,Matrix,3,SPTO,1,27745
2010,IH,Prepost_PCD,1,Matrix,3,SWTH,1,27746
2010,IH,Prepost_PCD,1,Matrix,3,SWTH,1,27747
2010,IH,Prepost_PCD,1,Matrix,3,VGSW,1,27748
2010,IH,Prepost_PCD,1,Matrix,3,VGSW,1,27749
2010,IH,Prepost_PCD,1,Matrix,3,VGSW,1,27750
2010,IH,Prepost_PCD,1,Matrix,3,VGSW,1,27751
2010,IH,Prepost_PCD,1,Matrix,3,VGSW,1,27752
2010,IH,Prepost_PCD,2,Matrix,1,AMRO,1,27761
2010,IH,Prepost_PCD,2,Matrix,1,AMRO,1,27762
2010,IH,Prepost_PCD,2,Matrix,1,BHCO,1,27763
2010,IH,Prepost_PCD,2,Matrix,1,BHCO,1,27764
2010,IH,Prepost_PCD,2,Matrix,1,BHCO,1,27765
2010,IH,Prepost_PCD,2,Matrix,1,HOFI,1,27769
2010,IH,Prepost_PCD,2,Matrix,1,HOFI,1,27770
2010,IH,Prepost_PCD,2,Matrix,1,PISI,1,27771
2010,IH,Prepost_PCD,2,Matrix,1,PISI,1,27772
2010,IH,Prepost_PCD,2,Matrix,1,PISI,1,27773
2010,IH,Prepost_PCD,2,Matrix,1,PISI,1,27774
2010,IH,Prepost_PCD,2,Matrix,2,AMGO,1,27776
2010,IH,Prepost_PCD,2,Matrix,2,AMGO,1,27777
2010,IH,Prepost_PCD,2,Matrix,2,AMRO,1,27778
2010,IH,Prepost_PCD,2,Matrix,2,AMRO,1,27779
2010,IH,Prepost_PCD,2,Matrix,2,EUST,1,27781
2010,IH,Prepost_PCD,2,Matrix,2,EUST,1,27782
2010,IH,Prepost_PCD,2,Matrix,2,EUST,1,27783
2010,IH,Prepost_PCD,2,Matrix,3,BCCH,1,27789
2010,IH,Prepost_PCD,2,Matrix,3,BCCH,1,27790
2010,IH,Prepost_PCD,2,Matrix,3,HOFI,1,27792
2010,IH,Prepost_PCD,2,Matrix,3,HOFI,1,27793
2010,IH,Prepost_PCD,2,Matrix,3,VGSW,1,27795
2010,IH,Prepost_PCD,2,Matrix,3,VGSW,1,27796
2010,IH,Prepost_PCD,2,Matrix,3,WCSP,1,27797
2010,IH,Prepost_PCD,2,Matrix,3,WCSP,1,27798
2010,IH,Prepost_PCD,3,Matrix,1,VGSW,1,27810
2010,IH,Prepost_PCD,3,Matrix,1,VGSW,1,27811
2010,IH,Prepost_PCD,3,Matrix,1,WCSP,1,27812
2010,IH,Prepost_PCD,3,Matrix,1,WCSP,1,27813
2010,IH,Prepost_PCD,3,Matrix,1,WCSP,1,27814
2010,IH,Prepost_PCD,3,Matrix,2,HOFI,1,27816
2010,IH,Prepost_PCD,3,Matrix,2,HOFI,1,27817
2010,IH,Prepost_PCD,3,Matrix,3,HOFI,1,27820
2010,IH,Prepost_PCD,3,Matrix,3,HOFI,1,27821
2010,IH,Prepost_PCD,3,Matrix,3,HOFI,1,27822
2010,IH,Prepost_PCD,3,Matrix,3,WCSP,1,27823
2010,IH,Prepost_PCD,3,Matrix,3,WCSP,1,27824
2010,IH,Prepost_PCD,3,Matrix,3,WCSP,1,27825
2010,IH,Prepost_PCD,4,Matrix,2,AMRO,1,27837
2010,IH,Prepost_PCD,4,Matrix,2,AMRO,1,27838
2010,IH,Prepost_PCD,4,Matrix,2,BHCO,1,27840
2010,IH,Prepost_PCD,4,Matrix,2,BHCO,1,27841
2010,IH,Prepost_PCD,4,Matrix,3,AMCR,1,27844
2010,IH,Prepost_PCD,4,Matrix,3,AMCR,1,27845
2010,IH,Prepost_PCD,4,Matrix,3,AMCR,1,27846
2010,IH,Prepost_PCD,4,Matrix,3,AMCR,1,27847
2010,IH,Prepost_PCD,4,Matrix,3,AMCR,1,27848
2010,IH,Prepost_PCD,4,Matrix,3,AMCR,1,27849
2010,IH,Prepost_PCD,4,Matrix,3,AMCR,1,27850
2010,IH,Prepost_PCD,4,Matrix,3,AMCR,1,27851
2010,IH,Prepost_PCD,4,Matrix,3,AMCR,1,27852
2010,IH,Prepost_PCD,4,Matrix,3,AMCR,1,27853
2010,IH,Prepost_PCD,4,Matrix,3,AMCR,1,27854
2010,IH,Prepost_PCD,4,Matrix,3,AMCR,1,27855
2010,IH,Prepost_PCD,4,Matrix,3,YRWA,1,27860
2010,IH,Prepost_PCD,4,Matrix,3,YRWA,1,27861
2010,IH,Prepost_PCD,5,Matrix,1,VGSW,1,27871
2010,IH,Prepost_PCD,5,Matrix,1,VGSW,1,27872
2010,IH,Prepost_PCD,5,Matrix,2,CEDW,1,27875
2010,IH,Prepost_PCD,5,Matrix,2,CEDW,1,27876
2010,IH,Prepost_PCD,5,Matrix,2,CEDW,1,27877
2010,IH,Prepost_PCD,5,Matrix,2,CEDW,1,27878
2010,IH,Prepost_PCD,5,Matrix,2,DEJU,1,27879
2010,IH,Prepost_PCD,5,Matrix,2,DEJU,1,27880
2010,IH,Prepost_PCD,5,Matrix,3,AMGO,1,27884
2010,IH,Prepost_PCD,5,Matrix,3,AMGO,1,27885
2010,IH,Prepost_PCD,6,Matrix,1,EUST,1,27888
2010,IH,Prepost_PCD,6,Matrix,1,EUST,1,27889
2010,IH,Prepost_PCD,6,Matrix,1,EUST,1,27890
2010,IH,Prepost_PCD,6,Matrix,1,EUST,1,27891
2010,IH,Prepost_PCD,6,Matrix,1,ROPI,1,27892
2010,IH,Prepost_PCD,6,Matrix,1,ROPI,1,27893
2010,IH,Prepost_PCD,6,Matrix,1,ROPI,1,27894
2010,IH,Prepost_PCD,6,Matrix,1,ROPI,1,27895
2010,IH,Prepost_PCD,6,Matrix,3,AMCR,1,27899
2010,IH,Prepost_PCD,6,Matrix,3,AMCR,1,27900
2010,IH,Prepost_PCD,6,Matrix,3,AMCR,1,27901
2010,IH,Prepost_PCD,6,Matrix,3,AMCR,1,27902
2010,IH,Prepost_PCD,6,Matrix,3,AMCR,1,27903
2010,IH,Prepost_PCD,6,Matrix,3,ROPI,1,27905
2010,IH,Prepost_PCD,6,Matrix,3,ROPI,1,27906
2010,IH,Prepost_PCD,6,Matrix,3,ROPI,1,27907
2010,IH,Prepost_PCD,6,Matrix,3,ROPI,1,27908
2010,IH,Prepost_PCD,6,Matrix,3,ROPI,1,27909
2010,IH,Prepost_PCD,6,Matrix,3,ROPI,1,27910
2010,IH,Prepost_PCD,6,Matrix,3,ROPI,1,27911
2010,IH,Prepost_PCD,6,Matrix,3,ROPI,1,27912
2010,IH,Prepost_PCD,6,Matrix,3,ROPI,1,27913
2010,IH,Prepost_PCD,6,Matrix,3,ROPI,1,27914
2010,IH,Prepost_PCD,6,Matrix,3,ROPI,1,27915
2010,IH,Prepost_PCD,6,Matrix,3,ROPI,1,27916
2010,IH,Prepost_PCD,6,Matrix,3,VGSW,1,27917
2010,IH,Prepost_PCD,6,Matrix,3,VGSW,1,27918
2010,IH,Prepost_PCD,6,Matrix,3,WCSP,1,27919
2010,IH,Prepost_PCD,6,Matrix,3,WCSP,1,27920
2010,IH,Prepost_PCD,7,Matrix,1,EUST,1,27931
2010,IH,Prepost_PCD,7,Matrix,1,EUST,1,27932
2010,IH,Prepost_PCD,7,Matrix,2,AMGO,1,27934
2010,IH,Prepost_PCD,7,Matrix,2,AMGO,1,27935
2010,IH,Prepost_PCD,7,Matrix,2,EUST,1,27937
2010,IH,Prepost_PCD,7,Matrix,2,EUST,1,27938
2010,IH,Prepost_PCD,7,Matrix,2,EUST,1,27939
2010,IH,Prepost_PCD,7,Matrix,2,EUST,1,27940
2010,IH,Prepost_PCD,7,Matrix,3,WCSP,1,27944
2010,IH,Prepost_PCD,7,Matrix,3,WCSP,1,27945
2010,IH,Prepost_PCD,8,Matrix,1,EUST,1,27951
2010,IH,Prepost_PCD,8,Matrix,1,EUST,1,27952
2010,IH,Prepost_PCD,8,Matrix,1,EUST,1,27953
2010,IH,Prepost_PCD,8,Matrix,2,AMGO,1,27956
2010,IH,Prepost_PCD,8,Matrix,2,AMGO,1,27957
2010,IH,Prepost_PCD,8,Matrix,2,EUST,1,27958
2010,IH,Prepost_PCD,8,Matrix,2,EUST,1,27959
2010,IH,Prepost_PCD,8,Matrix,3,AMGO,1,27962
2010,IH,Prepost_PCD,8,Matrix,3,AMGO,1,27963
2010,IH,Prepost_PCD,8,Matrix,3,EUST,1,27964
2010,IH,Prepost_PCD,8,Matrix,3,EUST,1,27965
2010,IH,Prepost_PCD,8,Matrix,3,SAVS,1,27966
2010,IH,Prepost_PCD,8,Matrix,3,SAVS,1,27967
2010,IH,Prepost_PCD,8,Matrix,3,SAVS,1,27968
2010,IH,Prepost_PCD,8,Matrix,3,VGSW,1,27969
2010,IH,Prepost_PCD,8,Matrix,3,VGSW,1,27970
2010,IH,Prepost_PCD,8,Matrix,3,WCSP,1,27971
2010,IH,Prepost_PCD,8,Matrix,3,WCSP,1,27972
2010,RR,Prepost_PCD,1,Matrix,1,DEJU,1,28379
2010,RR,Prepost_PCD,1,Matrix,1,DEJU,1,28380
2010,RR,Prepost_PCD,1,Matrix,2,AMRO,1,28384
2010,RR,Prepost_PCD,1,Matrix,2,AMRO,1,28385
2010,RR,Prepost_PCD,1,Matrix,2,AMRO,1,28386
2010,RR,Prepost_PCD,1,Matrix,2,DEJU,1,28387
2010,RR,Prepost_PCD,1,Matrix,2,DEJU,1,28388
2010,RR,Prepost_PCD,1,Matrix,2,DEJU,1,28389
2010,RR,Prepost_PCD,1,Matrix,2,DEJU,1,28390
2010,RR,Prepost_PCD,1,Matrix,3,AMCR,1,28392
2010,RR,Prepost_PCD,1,Matrix,3,AMCR,1,28393
2010,RR,Prepost_PCD,1,Matrix,3,AMCR,1,28394
2010,RR,Prepost_PCD,1,Matrix,3,DEJU,1,28396
2010,RR,Prepost_PCD,1,Matrix,3,DEJU,1,28397
2010,RR,Prepost_PCD,1,Matrix,3,RBNU,1,28398
2010,RR,Prepost_PCD,1,Matrix,3,RBNU,1,28399
2010,RR,Prepost_PCD,2,Matrix,1,WCSP,1,28414
2010,RR,Prepost_PCD,2,Matrix,1,WCSP,1,28415
2010,RR,Prepost_PCD,2,Matrix,3,DEJU,1,28419
2010,RR,Prepost_PCD,2,Matrix,3,DEJU,1,28420
2010,RR,Prepost_PCD,3,Matrix,3,CBCH,1,28436
2010,RR,Prepost_PCD,3,Matrix,3,CBCH,1,28437
2010,RR,Prepost_PCD,3,Matrix,3,CBCH,1,28438
2010,RR,Prepost_PCD,5,Forest,1,EVGR,1,28466
2010,RR,Prepost_PCD,5,Forest,1,EVGR,1,28467
2010,RR,Prepost_PCD,5,Forest,1,SPTO,1,28471
2010,RR,Prepost_PCD,5,Forest,1,SPTO,1,28472
2010,RR,Prepost_PCD,5,Forest,1,VGSW,1,28473
2010,RR,Prepost_PCD,5,Forest,1,VGSW,1,28474
2010,RR,Prepost_PCD,5,Forest,2,AMCR,1,28476
2010,RR,Prepost_PCD,5,Forest,2,AMCR,1,28477
2010,RR,Prepost_PCD,5,Forest,2,AMCR,1,28478
2010,RR,Prepost_PCD,5,Forest,2,AMRO,1,28479
2010,RR,Prepost_PCD,5,Forest,2,AMRO,1,28480
2010,RR,Prepost_PCD,5,Forest,2,SOSP,1,28484
2010,RR,Prepost_PCD,5,Forest,2,SOSP,1,28485
2010,RR,Prepost_PCD,5,Forest,2,SOSP,1,28486
2010,RR,Prepost_PCD,5,Forest,2,SPTO,1,28487
2010,RR,Prepost_PCD,5,Forest,2,SPTO,1,28488
2010,RR,Prepost_PCD,5,Forest,2,SPTO,1,28489
2010,RR,Prepost_PCD,5,Forest,3,BHGR,1,28492
2010,RR,Prepost_PCD,5,Forest,3,BHGR,1,28493
2010,RR,Prepost_PCD,5,Forest,3,PSFL,1,28495
2010,RR,Prepost_PCD,5,Forest,3,PSFL,1,28496
2010,RR,Prepost_PCD,5,Forest,3,RBNU,1,28497
2010,RR,Prepost_PCD,5,Forest,3,RBNU,1,28498
2010,RR,Prepost_PCD,5,Forest,3,RBNU,1,28499
2010,RR,Prepost_PCD,6,Matrix,1,AMRO,1,28512
2010,RR,Prepost_PCD,6,Matrix,1,AMRO,1,28513
2010,RR,Prepost_PCD,6,Matrix,1,HOFI,1,28514
2010,RR,Prepost_PCD,6,Matrix,1,HOFI,1,28515
2010,RR,Prepost_PCD,7,Matrix,1,DEJU,1,28531
2010,RR,Prepost_PCD,7,Matrix,1,DEJU,1,28532
2010,RR,Prepost_PCD,7,Matrix,1,EVGR,1,28533
2010,RR,Prepost_PCD,7,Matrix,1,EVGR,1,28534
2010,RR,Prepost_PCD,7,Matrix,1,PISI,1,28535
2010,RR,Prepost_PCD,7,Matrix,1,PISI,1,28536
2010,RR,Prepost_PCD,7,Matrix,1,PISI,1,28537
2010,RR,Prepost_PCD,7,Matrix,1,PISI,1,28538
2010,RR,Prepost_PCD,7,Matrix,1,PISI,1,28539
2010,RR,Prepost_PCD,7,Matrix,1,ROPI,1,28540
2010,RR,Prepost_PCD,7,Matrix,1,ROPI,1,28541
2010,RR,Prepost_PCD,7,Matrix,1,ROPI,1,28542
2010,RR,Prepost_PCD,7,Matrix,1,ROPI,1,28543
2010,RR,Prepost_PCD,7,Matrix,1,ROPI,1,28544
2010,RR,Prepost_PCD,7,Matrix,2,EUST,1,28549
2010,RR,Prepost_PCD,7,Matrix,2,EUST,1,28550
2010,RR,Prepost_PCD,7,Matrix,2,EUST,1,28551
2010,RR,Prepost_PCD,7,Matrix,2,EUST,1,28552
2010,RR,Prepost_PCD,7,Matrix,3,DEJU,1,28559
2010,RR,Prepost_PCD,7,Matrix,3,DEJU,1,28560
2010,RR,Prepost_PCD,7,Matrix,3,DEJU,1,28561
2010,RR,Prepost_PCD,7,Matrix,3,DEJU,1,28562
2010,RR,Prepost_PCD,7,Matrix,3,SWTH,1,28563
2010,RR,Prepost_PCD,7,Matrix,3,SWTH,1,28564
2010,RR,Prepost_PCD,8,Matrix,1,DEJU,1,28574
2010,RR,Prepost_PCD,8,Matrix,1,DEJU,1,28575
2010,RR,Prepost_PCD,8,Matrix,1,EUST,1,28576
2010,RR,Prepost_PCD,8,Matrix,1,EUST,1,28577
2010,RR,Prepost_PCD,8,Matrix,1,WCSP,1,28578
2010,RR,Prepost_PCD,8,Matrix,1,WCSP,1,28579
2010,RR,Prepost_PCD,8,Matrix,2,BHCO,1,28581
2010,RR,Prepost_PCD,8,Matrix,2,BHCO,1,28582
2010,RR,Prepost_PCD,8,Matrix,3,AMGO,1,28584
2010,RR,Prepost_PCD,8,Matrix,3,AMGO,1,28585
2010,RW,Reserve,1,Forest,2,SWTH,1,28602
2010,RW,Reserve,1,Forest,2,SWTH,1,28603
2010,RW,Reserve,1,Forest,2,SWTH,1,28604
2010,RW,Reserve,2,Forest,2,AMRO,1,28616
2010,RW,Reserve,2,Forest,2,AMRO,1,28617
2010,RW,Reserve,2,Forest,2,PSFL,1,28621
2010,RW,Reserve,2,Forest,2,PSFL,1,28622
2010,RW,Reserve,3,Forest,1,DEJU,1,28629
2010,RW,Reserve,3,Forest,1,DEJU,1,28630
2010,RW,Reserve,3,Forest,2,CBCH,1,28637
2010,RW,Reserve,3,Forest,2,CBCH,1,28638
2010,RW,Reserve,3,Forest,2,PAWR,1,28639
2010,RW,Reserve,3,Forest,2,PAWR,1,28640
2010,RW,Reserve,3,Forest,2,SPTO,1,28642
2010,RW,Reserve,3,Forest,2,SPTO,1,28643
2010,RW,Reserve,3,Forest,2,SWTH,1,28644
2010,RW,Reserve,3,Forest,2,SWTH,1,28645
2010,RW,Reserve,4,Forest,1,AMRO,1,28652
2010,RW,Reserve,4,Forest,1,AMRO,1,28653
2010,RW,Reserve,4,Forest,1,PAWR,1,28657
2010,RW,Reserve,4,Forest,1,PAWR,1,28658
2010,RW,Reserve,4,Forest,2,CBCH,1,28660
2010,RW,Reserve,4,Forest,2,CBCH,1,28661
2010,RW,Reserve,4,Forest,2,CBCH,1,28662
2010,RW,Reserve,4,Forest,2,SPTO,1,28664
2010,RW,Reserve,4,Forest,2,SPTO,1,28665
2010,RW,Reserve,5,Forest,1,PAWR,1,28674
2010,RW,Reserve,5,Forest,1,PAWR,1,28675
2010,RW,Reserve,6,Forest,1,PAWR,1,28688
2010,RW,Reserve,6,Forest,1,PAWR,1,28689
2010,RW,Reserve,6,Forest,2,PSFL,1,28696
2010,RW,Reserve,6,Forest,2,PSFL,1,28697
2010,RW,Reserve,6,Forest,3,GCKI,1,28699
2010,RW,Reserve,6,Forest,3,GCKI,1,28700
2010,RW,Reserve,7,Forest,1,BRCR,1,28704
2010,RW,Reserve,7,Forest,1,BRCR,1,28705
2010,RW,Reserve,7,Forest,2,PSFL,1,28710
2010,RW,Reserve,7,Forest,2,PSFL,1,28711
2010,RW,Reserve,8,Forest,2,CBCH,1,28727
2010,RW,Reserve,8,Forest,2,CBCH,1,28728
2010,SR,Prepost_PCD,1,Matrix,1,AMGO,1,28740
2010,SR,Prepost_PCD,1,Matrix,1,AMGO,1,28741
2010,SR,Prepost_PCD,1,Matrix,1,AMGO,1,28742
2010,SR,Prepost_PCD,1,Matrix,1,VGSW,1,28745
2010,SR,Prepost_PCD,1,Matrix,1,VGSW,1,28746
2010,SR,Prepost_PCD,1,Matrix,1,VGSW,1,28747
2010,SR,Prepost_PCD,1,Matrix,3,ROPI,1,28750
2010,SR,Prepost_PCD,1,Matrix,3,ROPI,1,28751
2010,SR,Prepost_PCD,2,Forest,1,VGSW,1,28757
2010,SR,Prepost_PCD,2,Forest,1,VGSW,1,28758
2010,SR,Prepost_PCD,3,Matrix,1,AMRO,1,28773
2010,SR,Prepost_PCD,3,Matrix,1,AMRO,1,28774
2010,SR,Prepost_PCD,3,Matrix,1,DEJU,1,28775
2010,SR,Prepost_PCD,3,Matrix,1,DEJU,1,28776
2010,SR,Prepost_PCD,3,Matrix,1,VGSW,1,28778
2010,SR,Prepost_PCD,3,Matrix,1,VGSW,1,28779
2010,SR,Prepost_PCD,3,Matrix,2,DEJU,1,28781
2010,SR,Prepost_PCD,3,Matrix,2,DEJU,1,28782
2010,SR,Prepost_PCD,3,Matrix,2,VGSW,1,28783
2010,SR,Prepost_PCD,3,Matrix,2,VGSW,1,28784
2010,SR,Prepost_PCD,3,Matrix,3,AMCR,1,28785
2010,SR,Prepost_PCD,3,Matrix,3,AMCR,1,28786
2010,SR,Prepost_PCD,4,Matrix,1,VGSW,1,28797
2010,SR,Prepost_PCD,4,Matrix,1,VGSW,1,28798
2010,SR,Prepost_PCD,4,Matrix,2,AMGO,1,28799
2010,SR,Prepost_PCD,4,Matrix,2,AMGO,1,28800
2010,SR,Prepost_PCD,4,Matrix,2,VGSW,1,28802
2010,SR,Prepost_PCD,4,Matrix,2,VGSW,1,28803
2010,SR,Prepost_PCD,4,Matrix,3,DEJU,1,28806
2010,SR,Prepost_PCD,4,Matrix,3,DEJU,1,28807
2010,SR,Prepost_PCD,4,Matrix,3,WCSP,1,28808
2010,SR,Prepost_PCD,4,Matrix,3,WCSP,1,28809
2010,SR,Prepost_PCD,5,Matrix,1,VGSW,1,28824
2010,SR,Prepost_PCD,5,Matrix,1,VGSW,1,28825
2010,SR,Prepost_PCD,5,Matrix,1,VGSW,1,28826
2010,SR,Prepost_PCD,5,Matrix,1,VGSW,1,28827
2010,SR,Prepost_PCD,5,Matrix,2,VGSW,1,28830
2010,SR,Prepost_PCD,5,Matrix,2,VGSW,1,28831
2010,SR,Prepost_PCD,5,Matrix,2,VGSW,1,28832
2010,SR,Prepost_PCD,6,Matrix,2,ROPI,1,28844
2010,SR,Prepost_PCD,6,Matrix,2,ROPI,1,28845
2010,SR,Prepost_PCD,6,Matrix,3,AMCR,1,28847
2010,SR,Prepost_PCD,6,Matrix,3,AMCR,1,28848
2010,SR,Prepost_PCD,6,Matrix,3,ROPI,1,28852
2010,SR,Prepost_PCD,6,Matrix,3,ROPI,1,28853
2010,SR,Prepost_PCD,7,Matrix,1,BCCH,1,28863
2010,SR,Prepost_PCD,7,Matrix,1,BCCH,1,28864
2010,SR,Prepost_PCD,7,Matrix,2,EUST,1,28867
2010,SR,Prepost_PCD,7,Matrix,2,EUST,1,28868
2010,SR,Prepost_PCD,8,Matrix,1,VGSW,1,28879
2010,SR,Prepost_PCD,8,Matrix,1,VGSW,1,28880
2010,SR,Prepost_PCD,8,Matrix,1,YRWA,1,28881
2010,SR,Prepost_PCD,8,Matrix,1,YRWA,1,28882
2010,SR,Prepost_PCD,8,Matrix,2,CBCH,1,28883
2010,SR,Prepost_PCD,8,Matrix,2,CBCH,1,28884
2010,SR,Prepost_PCD,8,Matrix,2,EUST,1,28886
2010,SR,Prepost_PCD,8,Matrix,2,EUST,1,28887
2010,SR,Prepost_PCD,8,Matrix,2,EUST,1,28888
2010,SR,Prepost_PCD,8,Matrix,2,EUST,1,28889
2010,SR,Prepost_PCD,8,Matrix,2,HOSP,1,28891
2010,SR,Prepost_PCD,8,Matrix,2,HOSP,1,28892
2010,SR,Prepost_PCD,8,Matrix,2,HOSP,1,28893
2010,SR,Prepost_PCD,8,Matrix,2,HOSP,1,28894
2010,SR,Prepost_PCD,8,Matrix,3,HOSP,1,28899
2010,SR,Prepost_PCD,8,Matrix,3,HOSP,1,28900
2010,SR,Prepost_PCD,8,Matrix,3,HOSP,1,28901
2010,SR,Prepost_PCD,8,Matrix,3,HOSP,1,28902
2010,SO,Correlational,1,Forest,1,SOSP,1,28912
2010,SO,Correlational,1,Forest,1,SOSP,1,28913
2010,SO,Correlational,1,Forest,1,SOSP,1,28914
2010,SO,Correlational,2,Forest,1,AMRO,1,28925
2010,SO,Correlational,2,Forest,1,AMRO,1,28926
2010,SO,Correlational,2,Forest,1,SOSP,1,28929
2010,SO,Correlational,2,Forest,1,SOSP,1,28930
2010,SO,Correlational,2,Forest,1,SOSP,1,28931
2010,SO,Correlational,2,Forest,2,BCCH,1,28932
2010,SO,Correlational,2,Forest,2,BCCH,1,28933
2010,SO,Correlational,2,Forest,2,CBCH,1,28934
2010,SO,Correlational,2,Forest,2,CBCH,1,28935
2010,SO,Correlational,2,Forest,2,SOSP,1,28937
2010,SO,Correlational,2,Forest,2,SOSP,1,28938
2010,SO,Correlational,2,Forest,3,AMRO,1,28941
2010,SO,Correlational,2,Forest,3,AMRO,1,28942
2010,SO,Correlational,2,Forest,3,AMRO,1,28943
2010,SO,Correlational,3,Matrix,1,HOFI,1,28956
2010,SO,Correlational,3,Matrix,1,HOFI,1,28957
2010,SO,Correlational,3,Matrix,3,AMCR,1,28962
2010,SO,Correlational,3,Matrix,3,AMCR,1,28963
2010,SO,Correlational,4,Matrix,2,SPTO,1,28974
2010,SO,Correlational,4,Matrix,2,SPTO,1,28975
2010,SO,Correlational,5,Matrix,1,DEJU,1,28985
2010,SO,Correlational,5,Matrix,1,DEJU,1,28986
2010,SO,Correlational,5,Matrix,2,CBCH,1,28989
2010,SO,Correlational,5,Matrix,2,CBCH,1,28990
2010,SO,Correlational,5,Matrix,3,AMCR,1,28993
2010,SO,Correlational,5,Matrix,3,AMCR,1,28994
2010,SO,Correlational,5,Matrix,3,BEWR,1,28996
2010,SO,Correlational,5,Matrix,3,BEWR,1,28997
2010,SO,Correlational,5,Matrix,3,BEWR,1,28998
2010,SO,Correlational,5,Matrix,3,CBCH,1,28999
2010,SO,Correlational,5,Matrix,3,CBCH,1,29000
2010,SO,Correlational,5,Matrix,3,DEJU,1,29001
2010,SO,Correlational,5,Matrix,3,DEJU,1,29002
2010,SO,Correlational,5,Matrix,3,RBNU,1,29003
2010,SO,Correlational,5,Matrix,3,RBNU,1,29004
2010,SO,Correlational,6,Matrix,1,BCCH,1,29014
2010,SO,Correlational,6,Matrix,1,BCCH,1,29015
2010,SO,Correlational,6,Matrix,3,AMCR,1,29022
2010,SO,Correlational,6,Matrix,3,AMCR,1,29023
2010,SO,Correlational,6,Matrix,3,BCCH,1,29025
2010,SO,Correlational,6,Matrix,3,BCCH,1,29026
2010,SO,Correlational,7,Matrix,1,AMCR,1,29030
2010,SO,Correlational,7,Matrix,1,AMCR,1,29031
2010,SO,Correlational,7,Matrix,1,AMRO,1,29032
2010,SO,Correlational,7,Matrix,1,AMRO,1,29033
2010,SO,Correlational,7,Matrix,3,ANHU,1,29041
2010,SO,Correlational,7,Matrix,3,ANHU,1,29042
2010,SO,Correlational,8,Matrix,1,AMRO,1,29051
2010,SO,Correlational,8,Matrix,1,AMRO,1,29052
2010,SO,Correlational,8,Matrix,2,AMRO,1,29058
2010,SO,Correlational,8,Matrix,2,AMRO,1,29059
2010,SO,Correlational,8,Matrix,3,BCCH,1,29062
2010,SO,Correlational,8,Matrix,3,BCCH,1,29063
2010,TE,Prepost_CD,1,Matrix,1,PISI,1,29076
2010,TE,Prepost_CD,1,Matrix,1,PISI,1,29077
2010,TE,Prepost_CD,1,Matrix,1,PISI,1,29078
2010,TE,Prepost_CD,1,Matrix,2,AMRO,1,29081
2010,TE,Prepost_CD,1,Matrix,2,AMRO,1,29082
2010,TE,Prepost_CD,1,Matrix,4,CBCH,1,29087
2010,TE,Prepost_CD,1,Matrix,4,CBCH,1,29088
2010,TE,Prepost_CD,1,Matrix,4,ROPI,1,29090
2010,TE,Prepost_CD,1,Matrix,4,ROPI,1,29091
2010,TE,Prepost_CD,2,Matrix,1,SPTO,1,29099
2010,TE,Prepost_CD,2,Matrix,1,SPTO,1,29100
2010,TE,Prepost_CD,2,Matrix,3,CBCH,1,29109
2010,TE,Prepost_CD,2,Matrix,3,CBCH,1,29110
2010,TE,Prepost_CD,2,Matrix,3,CBCH,1,29111
2010,TE,Prepost_CD,3,Forest,3,PSFL,1,29125
2010,TE,Prepost_CD,3,Forest,3,PSFL,1,29126
2010,TE,Prepost_CD,4,Forest,1,DEJU,1,29130
2010,TE,Prepost_CD,4,Forest,1,DEJU,1,29131
2010,TE,Prepost_CD,4,Forest,2,AMRO,1,29135
2010,TE,Prepost_CD,4,Forest,2,AMRO,1,29136
2010,TE,Prepost_CD,4,Forest,2,SWTH,1,29139
2010,TE,Prepost_CD,4,Forest,2,SWTH,1,29140
2010,TE,Prepost_CD,4,Forest,4,VGSW,1,29144
2010,TE,Prepost_CD,4,Forest,4,VGSW,1,29145
2010,TE,Prepost_CD,4,Forest,4,VGSW,1,29146
2010,TE,Prepost_CD,4,Forest,4,VGSW,1,29147
2010,TE,Prepost_CD,4,Forest,4,VGSW,1,29148
2010,TE,Prepost_CD,5,Forest,1,RBSA,1,29152
2010,TE,Prepost_CD,5,Forest,1,RBSA,1,29153
2010,TE,Prepost_CD,5,Forest,1,RBSA,1,29154
2010,TE,Prepost_CD,5,Forest,2,PSFL,1,29158
2010,TE,Prepost_CD,5,Forest,2,PSFL,1,29159
2010,TE,Prepost_CD,5,Forest,2,SWTH,1,29160
2010,TE,Prepost_CD,5,Forest,2,SWTH,1,29161
2010,TE,Prepost_CD,5,Forest,3,GCKI,1,29164
2010,TE,Prepost_CD,5,Forest,3,GCKI,1,29165
2010,TE,Prepost_CD,5,Forest,4,CBCH,1,29167
2010,TE,Prepost_CD,5,Forest,4,CBCH,1,29168
2010,UP,Prepost_CD,1,Matrix,1,CBCH,1,29174
2010,UP,Prepost_CD,1,Matrix,1,CBCH,1,29175
2010,UP,Prepost_CD,1,Matrix,1,SWTH,1,29179
2010,UP,Prepost_CD,1,Matrix,1,SWTH,1,29180
2010,UP,Prepost_CD,1,Matrix,2,AMCR,1,29183
2010,UP,Prepost_CD,1,Matrix,2,AMCR,1,29184
2010,UP,Prepost_CD,1,Matrix,2,SWTH,1,29188
2010,UP,Prepost_CD,1,Matrix,2,SWTH,1,29189
2010,UP,Prepost_CD,1,Matrix,3,AMRO,1,29191
2010,UP,Prepost_CD,1,Matrix,3,AMRO,1,29192
2010,UP,Prepost_CD,2,Matrix,1,SPTO,1,29203
2010,UP,Prepost_CD,2,Matrix,1,SPTO,1,29204
2010,UP,Prepost_CD,2,Matrix,1,SWTH,1,29205
2010,UP,Prepost_CD,2,Matrix,1,SWTH,1,29206
2010,UP,Prepost_CD,2,Matrix,2,AMRO,1,29210
2010,UP,Prepost_CD,2,Matrix,2,AMRO,1,29211
2010,UP,Prepost_CD,2,Matrix,2,SWTH,1,29212
2010,UP,Prepost_CD,2,Matrix,2,SWTH,1,29213
2010,UP,Prepost_CD,2,Matrix,2,SWTH,1,29214
2010,UP,Prepost_CD,2,Matrix,3,AMRO,1,29216
2010,UP,Prepost_CD,2,Matrix,3,AMRO,1,29217
2010,UP,Prepost_CD,2,Matrix,3,DEJU,1,29219
2010,UP,Prepost_CD,2,Matrix,3,DEJU,1,29220
2010,UP,Prepost_CD,3,Matrix,1,BHCO,1,29224
2010,UP,Prepost_CD,3,Matrix,1,BHCO,1,29225
2010,UP,Prepost_CD,3,Matrix,1,BHCO,1,29226
2010,UP,Prepost_CD,3,Matrix,2,AMRO,1,29234
2010,UP,Prepost_CD,3,Matrix,2,AMRO,1,29235
2010,UP,Prepost_CD,3,Matrix,2,AMRO,1,29236
2010,UP,Prepost_CD,3,Matrix,2,SWTH,1,29239
2010,UP,Prepost_CD,3,Matrix,2,SWTH,1,29240
2010,UP,Prepost_CD,3,Matrix,2,SWTH,1,29241
2010,UP,Prepost_CD,4,Matrix,1,CBCH,1,29250
2010,UP,Prepost_CD,4,Matrix,1,CBCH,1,29251
2010,UP,Prepost_CD,4,Matrix,2,AMRO,1,29254
2010,UP,Prepost_CD,4,Matrix,2,AMRO,1,29255
2010,UP,Prepost_CD,4,Matrix,2,AMRO,1,29256
2010,UP,Prepost_CD,4,Matrix,2,CEDW,1,29257
2010,UP,Prepost_CD,4,Matrix,2,CEDW,1,29258
2010,UP,Prepost_CD,4,Matrix,2,CEDW,1,29259
2010,UP,Prepost_CD,4,Matrix,2,CEDW,1,29260
2010,UP,Prepost_CD,5,Forest,1,SPTO,1,29269
2010,UP,Prepost_CD,5,Forest,1,SPTO,1,29270
2010,UP,Prepost_CD,5,Forest,2,DEJU,1,29274
2010,UP,Prepost_CD,5,Forest,2,DEJU,1,29275
2010,UP,Prepost_CD,5,Forest,2,SWTH,1,29276
2010,UP,Prepost_CD,5,Forest,2,SWTH,1,29277
2010,UP,Prepost_CD,5,Forest,2,VGSW,1,29278
2010,UP,Prepost_CD,5,Forest,2,VGSW,1,29279
2010,UP,Prepost_CD,6,Matrix,1,SOSP,1,29284
2010,UP,Prepost_CD,6,Matrix,1,SOSP,1,29285
2010,UP,Prepost_CD,6,Matrix,3,SWTH,1,29294
2010,UP,Prepost_CD,6,Matrix,3,SWTH,1,29295
2010,UP,Prepost_CD,6,Matrix,3,WIFL,1,29297
2010,UP,Prepost_CD,6,Matrix,3,WIFL,1,29298
2010,UP,Prepost_CD,6,Matrix,3,WIFL,1,29299
2010,UP,Prepost_CD,7,Forest,2,AMCR,1,29310
2010,UP,Prepost_CD,7,Forest,2,AMCR,1,29311
2010,UP,Prepost_CD,7,Forest,3,GCKI,1,29316
2010,UP,Prepost_CD,7,Forest,3,GCKI,1,29317
2010,UP,Prepost_CD,7,Forest,3,GCKI,1,29318
2010,UP,Prepost_CD,8,Matrix,1,DEJU,1,29324
2010,UP,Prepost_CD,8,Matrix,1,DEJU,1,29325
2010,UP,Prepost_CD,8,Matrix,1,RBNU,1,29326
2010,UP,Prepost_CD,8,Matrix,1,RBNU,1,29327
2010,UP,Prepost_CD,8,Matrix,1,ROPI,1,29328
2010,UP,Prepost_CD,8,Matrix,1,ROPI,1,29329
2010,UP,Prepost_CD,8,Matrix,1,ROPI,1,29330
2010,UP,Prepost_CD,8,Matrix,1,SWTH,1,29332
2010,UP,Prepost_CD,8,Matrix,1,SWTH,1,29333
2010,UP,Prepost_CD,8,Matrix,1,WIWA,1,29335
2010,UP,Prepost_CD,8,Matrix,1,WIWA,1,29336
2010,UP,Prepost_CD,8,Matrix,2,AMRO,1,29337
2010,UP,Prepost_CD,8,Matrix,2,AMRO,1,29338
2010,UP,Prepost_CD,8,Matrix,3,VGSW,1,29342
2010,UP,Prepost_CD,8,Matrix,3,VGSW,1,29343
2010,UP,Prepost_CD,8,Matrix,3,VGSW,1,29344
2010,UP,Prepost_CD,8,Matrix,3,VGSW,1,29345
2010,UP,Prepost_CD,8,Matrix,3,VGSW,1,29346
2010,UP,Prepost_CD,8,Matrix,3,VGSW,1,29347
2010,WE,Correlational,1,Matrix,1,DEJU,1,29353
2010,WE,Correlational,1,Matrix,1,DEJU,1,29354
2010,WE,Correlational,1,Matrix,1,EUST,1,29355
2010,WE,Correlational,1,Matrix,1,EUST,1,29356
2010,WE,Correlational,1,Matrix,1,EUST,1,29357
2010,WE,Correlational,1,Matrix,1,NOFL,1,29358
2010,WE,Correlational,1,Matrix,1,NOFL,1,29359
2010,WE,Correlational,1,Matrix,1,STJA,1,29362
2010,WE,Correlational,1,Matrix,1,STJA,1,29363
2010,WE,Correlational,1,Matrix,2,DEJU,1,29366
2010,WE,Correlational,1,Matrix,2,DEJU,1,29367
2010,WE,Correlational,1,Matrix,2,DEJU,1,29368
2010,WE,Correlational,1,Matrix,3,AMGO,1,29370
2010,WE,Correlational,1,Matrix,3,AMGO,1,29371
2010,WE,Correlational,1,Matrix,3,BEWR,1,29372
2010,WE,Correlational,1,Matrix,3,BEWR,1,29373
2010,WE,Correlational,1,Matrix,3,STJA,1,29374
2010,WE,Correlational,1,Matrix,3,STJA,1,29375
2010,WE,Correlational,2,Matrix,1,AMRO,1,29382
2010,WE,Correlational,2,Matrix,1,AMRO,1,29383
2010,WE,Correlational,2,Matrix,1,PISI,1,29386
2010,WE,Correlational,2,Matrix,1,PISI,1,29387
2010,WE,Correlational,2,Matrix,2,HOFI,1,29391
2010,WE,Correlational,2,Matrix,2,HOFI,1,29392
2010,WE,Correlational,3,Forest,1,CBCH,1,29408
2010,WE,Correlational,3,Forest,1,CBCH,1,29409
2010,WE,Correlational,3,Forest,1,SOSP,1,29411
2010,WE,Correlational,3,Forest,1,SOSP,1,29412
2010,WE,Correlational,3,Forest,2,AMCR,1,29414
2010,WE,Correlational,3,Forest,2,AMCR,1,29415
2010,WE,Correlational,3,Forest,2,AMCR,1,29416
2010,WE,Correlational,3,Forest,2,DEJU,1,29419
2010,WE,Correlational,3,Forest,2,DEJU,1,29420
2010,WE,Correlational,3,Forest,2,DEJU,1,29421
2010,WE,Correlational,3,Forest,2,SOSP,1,29424
2010,WE,Correlational,3,Forest,2,SOSP,1,29425
2010,WE,Correlational,4,Forest,1,AMCR,1,29436
2010,WE,Correlational,4,Forest,1,AMCR,1,29437
2010,WE,Correlational,4,Forest,1,SOSP,1,29441
2010,WE,Correlational,4,Forest,1,SOSP,1,29442
2010,WE,Correlational,4,Forest,2,DEJU,1,29447
2010,WE,Correlational,4,Forest,2,DEJU,1,29448
2010,WE,Correlational,5,Matrix,1,AMRO,1,29461
2010,WE,Correlational,5,Matrix,1,AMRO,1,29462
2010,WE,Correlational,5,Matrix,1,SOSP,1,29465
2010,WE,Correlational,5,Matrix,1,SOSP,1,29466
2010,WE,Correlational,5,Matrix,1,SOSP,1,29467
2010,WE,Correlational,5,Matrix,2,BEWR,1,29469
2010,WE,Correlational,5,Matrix,2,BEWR,1,29470
2010,WE,Correlational,5,Matrix,2,DEJU,1,29471
2010,WE,Correlational,5,Matrix,2,DEJU,1,29472
2010,WE,Correlational,5,Matrix,2,SPTO,1,29474
2010,WE,Correlational,5,Matrix,2,SPTO,1,29475
2010,WE,Correlational,5,Matrix,3,AMCR,1,29476
2010,WE,Correlational,5,Matrix,3,AMCR,1,29477
2010,WE,Correlational,5,Matrix,3,AMCR,1,29478
2010,WE,Correlational,5,Matrix,3,AMCR,1,29479
2010,WE,Correlational,5,Matrix,3,BEWR,1,29480
2010,WE,Correlational,5,Matrix,3,BEWR,1,29481
2010,WE,Correlational,5,Matrix,3,DEJU,1,29482
2010,WE,Correlational,5,Matrix,3,DEJU,1,29483
2010,WE,Correlational,5,Matrix,3,DEJU,1,29484
2010,WE,Correlational,6,Matrix,2,AMCR,1,29496
2010,WE,Correlational,6,Matrix,2,AMCR,1,29497
2010,WE,Correlational,6,Matrix,2,AMCR,1,29498
2010,WE,Correlational,6,Matrix,2,AMCR,1,29499
2010,WE,Correlational,6,Matrix,3,CBCH,1,29505
2010,WE,Correlational,6,Matrix,3,CBCH,1,29506
2010,WE,Correlational,6,Matrix,3,DEJU,1,29507
2010,WE,Correlational,6,Matrix,3,DEJU,1,29508
2010,WE,Correlational,6,Matrix,3,DEJU,1,29509
2010,WE,Correlational,6,Matrix,3,RBNU,1,29510
2010,WE,Correlational,6,Matrix,3,RBNU,1,29511
2010,WE,Correlational,7,Matrix,1,SOSP,1,29525
2010,WE,Correlational,7,Matrix,1,SOSP,1,29526
2010,WE,Correlational,7,Matrix,3,DEJU,1,29534
2010,WE,Correlational,7,Matrix,3,DEJU,1,29535
2010,WE,Correlational,8,Matrix,2,AMCR,1,29544
2010,WE,Correlational,8,Matrix,2,AMCR,1,29545
2010,WE,Correlational,8,Matrix,2,DEJU,1,29548
2010,WE,Correlational,8,Matrix,2,DEJU,1,29549
2010,WE,Correlational,8,Matrix,2,DEJU,1,29550
2010,WE,Correlational,8,Matrix,3,BEWR,1,29553
2010,WE,Correlational,8,Matrix,3,BEWR,1,29554
